year,display_label,new,death,net_growth,cumulative
2000,3-科学研究和技术服务业-科技推广和应用服务业,96,0,96,410
2000,3-信息传输、软件和信息技术服务业-软件和信息技术服务业,235,1,234,663
2000,3-科学研究和技术服务业-研究和试验发展,42,1,41,145
2000,3-文化、体育和娱乐业-广播、电视、电影和录音制作业,2,0,2,12
2000,3-文化、体育和娱乐业-文化艺术业,6,0,6,26
2000,3-租赁和商务服务业-商务服务业,78,0,78,386
2000,3-批发和零售业-零售业,64,0,64,230
2000,3-信息传输、软件和信息技术服务业-互联网和相关服务,23,0,23,64
2000,2-制造业-计算机、通信和其他电子设备制造业,42,0,42,203
2000,3-教育-教育,4,0,4,8
2000,3-批发和零售业-批发业,123,0,123,588
2000,3-居民服务、修理和其他服务业-居民服务业,4,0,4,18
2000,3-科学研究和技术服务业-专业技术服务业,47,0,47,286
2000,3-交通运输、仓储和邮政业-航空运输业,0,0,0,6
2000,3-居民服务、修理和其他服务业-其他服务业,4,0,4,14
2000,3-文化、体育和娱乐业-娱乐业,3,0,3,11
2000,2-制造业-通用设备制造业,16,0,16,89
2000,3-交通运输、仓储和邮政业-多式联运和运输代理业,0,0,0,14
2000,2-制造业-金属制品、机械和设备修理业,3,0,3,13
2000,3-水利、环境和公共设施管理业-水利管理业,0,0,0,7
2000,2-制造业-专用设备制造业,24,0,24,107
2000,3-交通运输、仓储和邮政业-道路运输业,4,0,4,38
2000,2-建筑业-房屋建筑业,12,0,12,73
2000,3-文化、体育和娱乐业-体育,0,0,0,3
2000,2-电力、热力、燃气及水生产和供应业-电力、热力生产和供应业,6,0,6,27
2000,3-房地产业-房地产业,22,0,22,88
2000,2-建筑业-土木工程建筑业,18,0,18,91
2000,3-租赁和商务服务业-租赁业,2,0,2,7
2000,2-制造业-仪器仪表制造业,12,0,12,71
2000,3-信息传输、软件和信息技术服务业-电信、广播电视和卫星传输服务,13,0,13,39
2000,2-建筑业-建筑装饰、装修和其他建筑业,10,0,10,101
2000,2-制造业-电气机械和器材制造业,19,0,19,124
2000,2-建筑业-建筑安装业,21,0,21,106
2000,3-金融业-保险业,0,0,0,0
2000,3-住宿和餐饮业-餐饮业,0,0,0,7
2000,2-制造业-农副食品加工业,0,0,0,3
2000,2-制造业-汽车制造业,3,0,3,26
2000,2-制造业-文教、工美、体育和娱乐用品制造业,4,0,4,13
2000,3-文化、体育和娱乐业-新闻和出版业,3,0,3,34
2000,3-卫生和社会工作-卫生,0,0,0,0
2000,3-卫生和社会工作-社会工作,0,0,0,1
2000,2-制造业-化学原料和化学制品制造业,5,0,5,25
2000,2-电力、热力、燃气及水生产和供应业-燃气生产和供应业,0,0,0,1
2000,3-住宿和餐饮业-住宿业,0,0,0,7
2000,2-制造业-金属制品业,7,0,7,39
2000,1-农、林、牧、渔业-农业,1,0,1,6
2000,3-水利、环境和公共设施管理业-公共设施管理业,3,0,3,18
2000,2-电力、热力、燃气及水生产和供应业-水的生产和供应业,0,0,0,4
2000,2-制造业-酒、饮料和精制茶制造业,1,0,1,6
2000,3-水利、环境和公共设施管理业-生态保护和环境治理业,1,0,1,8
2000,2-制造业-非金属矿物制品业,1,0,1,8
2000,2-制造业-铁路、船舶、航空航天和其他运输设备制造业,2,0,2,18
2000,3-金融业-资本市场服务,1,0,1,10
2000,1-农、林、牧、渔业-畜牧业,0,0,0,0
2000,2-采矿业-开采专业及辅助性活动,0,0,0,1
2000,3-金融业-其他金融业,3,0,3,8
2000,2-制造业-家具制造业,7,0,7,17
2000,3-交通运输、仓储和邮政业-水上运输业,1,0,1,4
2000,3-居民服务、修理和其他服务业-机动车、电子产品和日用产品修理业,5,0,5,15
2000,1-农、林、牧、渔业-农、林、牧、渔专业及辅助性活动,0,0,0,3
2000,2-制造业-石油、煤炭及其他燃料加工业,1,0,1,4
2000,2-制造业-医药制造业,5,0,5,24
2000,1-农、林、牧、渔业-渔业,0,0,0,0
2000,2-制造业-纺织业,3,0,3,7
2000,2-制造业-其他制造业,5,0,5,16
2000,2-制造业-废弃资源综合利用业,0,0,0,0
2000,1-农、林、牧、渔业-林业,0,0,0,1
2000,2-制造业-橡胶和塑料制品业,1,0,1,14
2000,2-制造业-纺织服装、服饰业,2,0,2,14
2000,2-制造业-有色金属冶炼和压延加工业,0,0,0,0
2000,2-制造业-食品制造业,2,0,2,4
2000,3-金融业-货币金融服务,0,0,0,1
2000,3-交通运输、仓储和邮政业-装卸搬运和仓储业,1,0,1,8
2000,2-制造业-印刷和记录媒介复制业,2,0,2,16
2000,2-制造业-造纸和纸制品业,1,0,1,4
2000,3-水利、环境和公共设施管理业-土地管理业,0,0,0,1
2000,2-采矿业-其他采矿业,0,0,0,0
2000,2-制造业-黑色金属冶炼和压延加工业,0,0,0,2
2000,2-采矿业-有色金属矿采选业,0,0,0,0
2000,3-交通运输、仓储和邮政业-管道运输业,0,0,0,0
2000,3-交通运输、仓储和邮政业-邮政业,0,0,0,0
2000,2-制造业-化学纤维制造业,0,0,0,0
2000,2-制造业-木材加工和木、竹、藤、棕、草制品业,2,0,2,3
2000,3-交通运输、仓储和邮政业-铁路运输业,0,0,0,0
2000,2-制造业-烟草制品业,0,0,0,0
2000,2-采矿业-煤炭开采和洗选业,0,0,0,3
2000,2-制造业-皮革、毛皮、羽毛及其制品和制鞋业,2,0,2,5
2000,2-采矿业-石油和天然气开采业,0,0,0,1
2000,2-采矿业-非金属矿采选业,0,0,0,1
2000,2-采矿业-黑色金属矿采选业,0,0,0,0
2001,3-科学研究和技术服务业-科技推广和应用服务业,169,0,169,579
2001,3-信息传输、软件和信息技术服务业-软件和信息技术服务业,256,0,256,919
2001,3-科学研究和技术服务业-研究和试验发展,59,1,58,203
2001,3-文化、体育和娱乐业-广播、电视、电影和录音制作业,2,0,2,14
2001,3-文化、体育和娱乐业-文化艺术业,7,0,7,33
2001,3-租赁和商务服务业-商务服务业,116,0,116,502
2001,3-批发和零售业-零售业,89,0,89,319
2001,3-信息传输、软件和信息技术服务业-互联网和相关服务,23,0,23,87
2001,2-制造业-计算机、通信和其他电子设备制造业,51,2,49,252
2001,3-教育-教育,5,0,5,13
2001,3-批发和零售业-批发业,187,0,187,775
2001,3-居民服务、修理和其他服务业-居民服务业,5,0,5,23
2001,3-科学研究和技术服务业-专业技术服务业,67,1,66,352
2001,3-交通运输、仓储和邮政业-航空运输业,0,0,0,6
2001,3-居民服务、修理和其他服务业-其他服务业,4,0,4,18
2001,3-文化、体育和娱乐业-娱乐业,2,0,2,13
2001,2-制造业-通用设备制造业,22,0,22,111
2001,3-交通运输、仓储和邮政业-多式联运和运输代理业,3,0,3,17
2001,2-制造业-金属制品、机械和设备修理业,1,0,1,14
2001,3-水利、环境和公共设施管理业-水利管理业,1,0,1,8
2001,2-制造业-专用设备制造业,31,0,31,138
2001,3-交通运输、仓储和邮政业-道路运输业,5,0,5,43
2001,2-建筑业-房屋建筑业,11,0,11,84
2001,3-文化、体育和娱乐业-体育,0,0,0,3
2001,2-电力、热力、燃气及水生产和供应业-电力、热力生产和供应业,4,0,4,31
2001,3-房地产业-房地产业,36,0,36,124
2001,2-建筑业-土木工程建筑业,14,0,14,105
2001,3-租赁和商务服务业-租赁业,1,0,1,8
2001,2-制造业-仪器仪表制造业,10,0,10,81
2001,3-信息传输、软件和信息技术服务业-电信、广播电视和卫星传输服务,15,0,15,54
2001,2-建筑业-建筑装饰、装修和其他建筑业,24,0,24,125
2001,2-制造业-电气机械和器材制造业,26,0,26,150
2001,2-建筑业-建筑安装业,22,0,22,128
2001,3-金融业-保险业,1,0,1,1
2001,3-住宿和餐饮业-餐饮业,0,0,0,7
2001,2-制造业-农副食品加工业,1,0,1,4
2001,2-制造业-汽车制造业,7,0,7,33
2001,2-制造业-文教、工美、体育和娱乐用品制造业,6,0,6,19
2001,3-文化、体育和娱乐业-新闻和出版业,1,0,1,35
2001,3-卫生和社会工作-卫生,0,0,0,0
2001,3-卫生和社会工作-社会工作,1,0,1,2
2001,2-制造业-化学原料和化学制品制造业,5,0,5,30
2001,2-电力、热力、燃气及水生产和供应业-燃气生产和供应业,2,0,2,3
2001,3-住宿和餐饮业-住宿业,0,0,0,7
2001,2-制造业-金属制品业,8,0,8,47
2001,1-农、林、牧、渔业-农业,4,0,4,10
2001,3-水利、环境和公共设施管理业-公共设施管理业,4,0,4,22
2001,2-电力、热力、燃气及水生产和供应业-水的生产和供应业,1,0,1,5
2001,2-制造业-酒、饮料和精制茶制造业,0,0,0,6
2001,3-水利、环境和公共设施管理业-生态保护和环境治理业,1,0,1,9
2001,2-制造业-非金属矿物制品业,4,0,4,12
2001,2-制造业-铁路、船舶、航空航天和其他运输设备制造业,2,0,2,20
2001,3-金融业-资本市场服务,4,0,4,14
2001,1-农、林、牧、渔业-畜牧业,1,0,1,1
2001,2-采矿业-开采专业及辅助性活动,0,0,0,1
2001,3-金融业-其他金融业,1,0,1,9
2001,2-制造业-家具制造业,4,0,4,21
2001,3-交通运输、仓储和邮政业-水上运输业,0,0,0,4
2001,3-居民服务、修理和其他服务业-机动车、电子产品和日用产品修理业,1,0,1,16
2001,1-农、林、牧、渔业-农、林、牧、渔专业及辅助性活动,1,0,1,4
2001,2-制造业-石油、煤炭及其他燃料加工业,0,0,0,4
2001,2-制造业-医药制造业,7,0,7,31
2001,1-农、林、牧、渔业-渔业,1,0,1,1
2001,2-制造业-纺织业,2,0,2,9
2001,2-制造业-其他制造业,3,0,3,19
2001,2-制造业-废弃资源综合利用业,0,0,0,0
2001,1-农、林、牧、渔业-林业,0,0,0,1
2001,2-制造业-橡胶和塑料制品业,8,0,8,22
2001,2-制造业-纺织服装、服饰业,5,0,5,19
2001,2-制造业-有色金属冶炼和压延加工业,1,0,1,1
2001,2-制造业-食品制造业,0,0,0,4
2001,3-金融业-货币金融服务,2,0,2,3
2001,3-交通运输、仓储和邮政业-装卸搬运和仓储业,4,0,4,12
2001,2-制造业-印刷和记录媒介复制业,2,0,2,18
2001,2-制造业-造纸和纸制品业,1,0,1,5
2001,3-水利、环境和公共设施管理业-土地管理业,0,0,0,1
2001,2-采矿业-其他采矿业,0,0,0,0
2001,2-制造业-黑色金属冶炼和压延加工业,1,0,1,3
2001,2-采矿业-有色金属矿采选业,0,0,0,0
2001,3-交通运输、仓储和邮政业-管道运输业,0,0,0,0
2001,3-交通运输、仓储和邮政业-邮政业,0,0,0,0
2001,2-制造业-化学纤维制造业,1,0,1,1
2001,2-制造业-木材加工和木、竹、藤、棕、草制品业,1,0,1,4
2001,3-交通运输、仓储和邮政业-铁路运输业,0,0,0,0
2001,2-制造业-烟草制品业,0,0,0,0
2001,2-采矿业-煤炭开采和洗选业,1,0,1,4
2001,2-制造业-皮革、毛皮、羽毛及其制品和制鞋业,3,0,3,8
2001,2-采矿业-石油和天然气开采业,0,0,0,1
2001,2-采矿业-非金属矿采选业,0,0,0,1
2001,2-采矿业-黑色金属矿采选业,0,0,0,0
2002,3-科学研究和技术服务业-科技推广和应用服务业,235,0,235,814
2002,3-信息传输、软件和信息技术服务业-软件和信息技术服务业,301,0,301,1220
2002,3-科学研究和技术服务业-研究和试验发展,72,3,69,272
2002,3-文化、体育和娱乐业-广播、电视、电影和录音制作业,4,0,4,18
2002,3-文化、体育和娱乐业-文化艺术业,23,0,23,56
2002,3-租赁和商务服务业-商务服务业,130,0,130,632
2002,3-批发和零售业-零售业,104,0,104,423
2002,3-信息传输、软件和信息技术服务业-互联网和相关服务,21,0,21,108
2002,2-制造业-计算机、通信和其他电子设备制造业,57,0,57,309
2002,3-教育-教育,0,0,0,13
2002,3-批发和零售业-批发业,235,0,235,1010
2002,3-居民服务、修理和其他服务业-居民服务业,9,0,9,32
2002,3-科学研究和技术服务业-专业技术服务业,81,0,81,433
2002,3-交通运输、仓储和邮政业-航空运输业,3,0,3,9
2002,3-居民服务、修理和其他服务业-其他服务业,5,0,5,23
2002,3-文化、体育和娱乐业-娱乐业,3,0,3,16
2002,2-制造业-通用设备制造业,30,0,30,141
2002,3-交通运输、仓储和邮政业-多式联运和运输代理业,2,0,2,19
2002,2-制造业-金属制品、机械和设备修理业,1,0,1,15
2002,3-水利、环境和公共设施管理业-水利管理业,2,0,2,10
2002,2-制造业-专用设备制造业,22,0,22,160
2002,3-交通运输、仓储和邮政业-道路运输业,9,0,9,52
2002,2-建筑业-房屋建筑业,18,0,18,102
2002,3-文化、体育和娱乐业-体育,1,0,1,4
2002,2-电力、热力、燃气及水生产和供应业-电力、热力生产和供应业,6,0,6,37
2002,3-房地产业-房地产业,37,0,37,161
2002,2-建筑业-土木工程建筑业,19,0,19,124
2002,3-租赁和商务服务业-租赁业,8,0,8,16
2002,2-制造业-仪器仪表制造业,20,0,20,101
2002,3-信息传输、软件和信息技术服务业-电信、广播电视和卫星传输服务,9,0,9,63
2002,2-建筑业-建筑装饰、装修和其他建筑业,39,0,39,164
2002,2-制造业-电气机械和器材制造业,33,0,33,183
2002,2-建筑业-建筑安装业,30,0,30,158
2002,3-金融业-保险业,0,0,0,1
2002,3-住宿和餐饮业-餐饮业,3,0,3,10
2002,2-制造业-农副食品加工业,0,0,0,4
2002,2-制造业-汽车制造业,6,0,6,39
2002,2-制造业-文教、工美、体育和娱乐用品制造业,8,0,8,27
2002,3-文化、体育和娱乐业-新闻和出版业,1,0,1,36
2002,3-卫生和社会工作-卫生,0,0,0,0
2002,3-卫生和社会工作-社会工作,0,0,0,2
2002,2-制造业-化学原料和化学制品制造业,5,0,5,35
2002,2-电力、热力、燃气及水生产和供应业-燃气生产和供应业,1,0,1,4
2002,3-住宿和餐饮业-住宿业,0,0,0,7
2002,2-制造业-金属制品业,10,0,10,57
2002,1-农、林、牧、渔业-农业,0,0,0,10
2002,3-水利、环境和公共设施管理业-公共设施管理业,9,0,9,31
2002,2-电力、热力、燃气及水生产和供应业-水的生产和供应业,0,0,0,5
2002,2-制造业-酒、饮料和精制茶制造业,1,0,1,7
2002,3-水利、环境和公共设施管理业-生态保护和环境治理业,2,0,2,11
2002,2-制造业-非金属矿物制品业,5,0,5,17
2002,2-制造业-铁路、船舶、航空航天和其他运输设备制造业,3,0,3,23
2002,3-金融业-资本市场服务,1,0,1,15
2002,1-农、林、牧、渔业-畜牧业,0,0,0,1
2002,2-采矿业-开采专业及辅助性活动,0,0,0,1
2002,3-金融业-其他金融业,1,0,1,10
2002,2-制造业-家具制造业,2,0,2,23
2002,3-交通运输、仓储和邮政业-水上运输业,1,0,1,5
2002,3-居民服务、修理和其他服务业-机动车、电子产品和日用产品修理业,4,0,4,20
2002,1-农、林、牧、渔业-农、林、牧、渔专业及辅助性活动,2,0,2,6
2002,2-制造业-石油、煤炭及其他燃料加工业,0,0,0,4
2002,2-制造业-医药制造业,4,0,4,35
2002,1-农、林、牧、渔业-渔业,0,0,0,1
2002,2-制造业-纺织业,3,0,3,12
2002,2-制造业-其他制造业,3,0,3,22
2002,2-制造业-废弃资源综合利用业,0,0,0,0
2002,1-农、林、牧、渔业-林业,0,0,0,1
2002,2-制造业-橡胶和塑料制品业,7,0,7,29
2002,2-制造业-纺织服装、服饰业,5,0,5,24
2002,2-制造业-有色金属冶炼和压延加工业,1,0,1,2
2002,2-制造业-食品制造业,1,0,1,5
2002,3-金融业-货币金融服务,1,0,1,4
2002,3-交通运输、仓储和邮政业-装卸搬运和仓储业,4,0,4,16
2002,2-制造业-印刷和记录媒介复制业,1,0,1,19
2002,2-制造业-造纸和纸制品业,2,0,2,7
2002,3-水利、环境和公共设施管理业-土地管理业,1,0,1,2
2002,2-采矿业-其他采矿业,0,0,0,0
2002,2-制造业-黑色金属冶炼和压延加工业,0,0,0,3
2002,2-采矿业-有色金属矿采选业,0,0,0,0
2002,3-交通运输、仓储和邮政业-管道运输业,0,0,0,0
2002,3-交通运输、仓储和邮政业-邮政业,0,0,0,0
2002,2-制造业-化学纤维制造业,0,0,0,1
2002,2-制造业-木材加工和木、竹、藤、棕、草制品业,0,0,0,4
2002,3-交通运输、仓储和邮政业-铁路运输业,0,0,0,0
2002,2-制造业-烟草制品业,0,0,0,0
2002,2-采矿业-煤炭开采和洗选业,1,0,1,5
2002,2-制造业-皮革、毛皮、羽毛及其制品和制鞋业,1,0,1,9
2002,2-采矿业-石油和天然气开采业,0,0,0,1
2002,2-采矿业-非金属矿采选业,0,0,0,1
2002,2-采矿业-黑色金属矿采选业,0,0,0,0
2003,3-科学研究和技术服务业-科技推广和应用服务业,321,0,321,1135
2003,3-信息传输、软件和信息技术服务业-软件和信息技术服务业,393,0,393,1613
2003,3-科学研究和技术服务业-研究和试验发展,97,2,95,367
2003,3-文化、体育和娱乐业-广播、电视、电影和录音制作业,2,0,2,20
2003,3-文化、体育和娱乐业-文化艺术业,29,0,29,85
2003,3-租赁和商务服务业-商务服务业,161,0,161,793
2003,3-批发和零售业-零售业,136,0,136,559
2003,3-信息传输、软件和信息技术服务业-互联网和相关服务,28,0,28,136
2003,2-制造业-计算机、通信和其他电子设备制造业,75,1,74,383
2003,3-教育-教育,4,0,4,17
2003,3-批发和零售业-批发业,321,0,321,1331
2003,3-居民服务、修理和其他服务业-居民服务业,9,0,9,41
2003,3-科学研究和技术服务业-专业技术服务业,121,0,121,554
2003,3-交通运输、仓储和邮政业-航空运输业,2,0,2,11
2003,3-居民服务、修理和其他服务业-其他服务业,6,0,6,29
2003,3-文化、体育和娱乐业-娱乐业,2,0,2,18
2003,2-制造业-通用设备制造业,37,0,37,178
2003,3-交通运输、仓储和邮政业-多式联运和运输代理业,2,0,2,21
2003,2-制造业-金属制品、机械和设备修理业,6,0,6,21
2003,3-水利、环境和公共设施管理业-水利管理业,0,0,0,10
2003,2-制造业-专用设备制造业,41,0,41,201
2003,3-交通运输、仓储和邮政业-道路运输业,6,0,6,58
2003,2-建筑业-房屋建筑业,18,0,18,120
2003,3-文化、体育和娱乐业-体育,1,0,1,5
2003,2-电力、热力、燃气及水生产和供应业-电力、热力生产和供应业,5,0,5,42
2003,3-房地产业-房地产业,32,0,32,193
2003,2-建筑业-土木工程建筑业,30,0,30,154
2003,3-租赁和商务服务业-租赁业,1,0,1,17
2003,2-制造业-仪器仪表制造业,29,0,29,130
2003,3-信息传输、软件和信息技术服务业-电信、广播电视和卫星传输服务,10,0,10,73
2003,2-建筑业-建筑装饰、装修和其他建筑业,43,0,43,207
2003,2-制造业-电气机械和器材制造业,29,0,29,212
2003,2-建筑业-建筑安装业,33,0,33,191
2003,3-金融业-保险业,1,0,1,2
2003,3-住宿和餐饮业-餐饮业,1,0,1,11
2003,2-制造业-农副食品加工业,1,0,1,5
2003,2-制造业-汽车制造业,14,0,14,53
2003,2-制造业-文教、工美、体育和娱乐用品制造业,6,0,6,33
2003,3-文化、体育和娱乐业-新闻和出版业,1,0,1,37
2003,3-卫生和社会工作-卫生,0,0,0,0
2003,3-卫生和社会工作-社会工作,2,0,2,4
2003,2-制造业-化学原料和化学制品制造业,5,1,4,39
2003,2-电力、热力、燃气及水生产和供应业-燃气生产和供应业,0,0,0,4
2003,3-住宿和餐饮业-住宿业,1,0,1,8
2003,2-制造业-金属制品业,15,0,15,72
2003,1-农、林、牧、渔业-农业,4,0,4,14
2003,3-水利、环境和公共设施管理业-公共设施管理业,15,0,15,46
2003,2-电力、热力、燃气及水生产和供应业-水的生产和供应业,0,0,0,5
2003,2-制造业-酒、饮料和精制茶制造业,1,0,1,8
2003,3-水利、环境和公共设施管理业-生态保护和环境治理业,5,0,5,16
2003,2-制造业-非金属矿物制品业,7,0,7,24
2003,2-制造业-铁路、船舶、航空航天和其他运输设备制造业,5,0,5,28
2003,3-金融业-资本市场服务,4,0,4,19
2003,1-农、林、牧、渔业-畜牧业,0,0,0,1
2003,2-采矿业-开采专业及辅助性活动,1,0,1,2
2003,3-金融业-其他金融业,1,0,1,11
2003,2-制造业-家具制造业,8,0,8,31
2003,3-交通运输、仓储和邮政业-水上运输业,2,0,2,7
2003,3-居民服务、修理和其他服务业-机动车、电子产品和日用产品修理业,6,0,6,26
2003,1-农、林、牧、渔业-农、林、牧、渔专业及辅助性活动,0,0,0,6
2003,2-制造业-石油、煤炭及其他燃料加工业,2,0,2,6
2003,2-制造业-医药制造业,12,0,12,47
2003,1-农、林、牧、渔业-渔业,0,0,0,1
2003,2-制造业-纺织业,3,0,3,15
2003,2-制造业-其他制造业,10,0,10,32
2003,2-制造业-废弃资源综合利用业,1,0,1,1
2003,1-农、林、牧、渔业-林业,1,0,1,2
2003,2-制造业-橡胶和塑料制品业,9,0,9,38
2003,2-制造业-纺织服装、服饰业,10,0,10,34
2003,2-制造业-有色金属冶炼和压延加工业,1,0,1,3
2003,2-制造业-食品制造业,1,0,1,6
2003,3-金融业-货币金融服务,0,0,0,4
2003,3-交通运输、仓储和邮政业-装卸搬运和仓储业,3,0,3,19
2003,2-制造业-印刷和记录媒介复制业,4,0,4,23
2003,2-制造业-造纸和纸制品业,1,0,1,8
2003,3-水利、环境和公共设施管理业-土地管理业,0,0,0,2
2003,2-采矿业-其他采矿业,0,0,0,0
2003,2-制造业-黑色金属冶炼和压延加工业,0,0,0,3
2003,2-采矿业-有色金属矿采选业,2,0,2,2
2003,3-交通运输、仓储和邮政业-管道运输业,1,0,1,1
2003,3-交通运输、仓储和邮政业-邮政业,2,0,2,2
2003,2-制造业-化学纤维制造业,0,0,0,1
2003,2-制造业-木材加工和木、竹、藤、棕、草制品业,2,0,2,6
2003,3-交通运输、仓储和邮政业-铁路运输业,0,0,0,0
2003,2-制造业-烟草制品业,0,0,0,0
2003,2-采矿业-煤炭开采和洗选业,0,0,0,5
2003,2-制造业-皮革、毛皮、羽毛及其制品和制鞋业,1,0,1,10
2003,2-采矿业-石油和天然气开采业,0,0,0,1
2003,2-采矿业-非金属矿采选业,0,0,0,1
2003,2-采矿业-黑色金属矿采选业,0,0,0,0
2004,3-科学研究和技术服务业-科技推广和应用服务业,388,1,387,1522
2004,3-信息传输、软件和信息技术服务业-软件和信息技术服务业,432,1,431,2044
2004,3-科学研究和技术服务业-研究和试验发展,100,0,100,467
2004,3-文化、体育和娱乐业-广播、电视、电影和录音制作业,6,0,6,26
2004,3-文化、体育和娱乐业-文化艺术业,26,0,26,111
2004,3-租赁和商务服务业-商务服务业,267,0,267,1060
2004,3-批发和零售业-零售业,139,0,139,698
2004,3-信息传输、软件和信息技术服务业-互联网和相关服务,28,0,28,164
2004,2-制造业-计算机、通信和其他电子设备制造业,84,0,84,467
2004,3-教育-教育,6,0,6,23
2004,3-批发和零售业-批发业,381,0,381,1712
2004,3-居民服务、修理和其他服务业-居民服务业,11,0,11,52
2004,3-科学研究和技术服务业-专业技术服务业,126,0,126,680
2004,3-交通运输、仓储和邮政业-航空运输业,4,0,4,15
2004,3-居民服务、修理和其他服务业-其他服务业,11,0,11,40
2004,3-文化、体育和娱乐业-娱乐业,7,0,7,25
2004,2-制造业-通用设备制造业,31,0,31,209
2004,3-交通运输、仓储和邮政业-多式联运和运输代理业,4,0,4,25
2004,2-制造业-金属制品、机械和设备修理业,4,0,4,25
2004,3-水利、环境和公共设施管理业-水利管理业,3,0,3,13
2004,2-制造业-专用设备制造业,53,0,53,254
2004,3-交通运输、仓储和邮政业-道路运输业,17,0,17,75
2004,2-建筑业-房屋建筑业,16,0,16,136
2004,3-文化、体育和娱乐业-体育,6,0,6,11
2004,2-电力、热力、燃气及水生产和供应业-电力、热力生产和供应业,5,0,5,47
2004,3-房地产业-房地产业,31,0,31,224
2004,2-建筑业-土木工程建筑业,29,0,29,183
2004,3-租赁和商务服务业-租赁业,6,0,6,23
2004,2-制造业-仪器仪表制造业,16,1,15,145
2004,3-信息传输、软件和信息技术服务业-电信、广播电视和卫星传输服务,17,0,17,90
2004,2-建筑业-建筑装饰、装修和其他建筑业,50,0,50,257
2004,2-制造业-电气机械和器材制造业,33,0,33,245
2004,2-建筑业-建筑安装业,31,0,31,222
2004,3-金融业-保险业,0,0,0,2
2004,3-住宿和餐饮业-餐饮业,2,0,2,13
2004,2-制造业-农副食品加工业,2,0,2,7
2004,2-制造业-汽车制造业,7,0,7,60
2004,2-制造业-文教、工美、体育和娱乐用品制造业,4,0,4,37
2004,3-文化、体育和娱乐业-新闻和出版业,0,0,0,37
2004,3-卫生和社会工作-卫生,0,0,0,0
2004,3-卫生和社会工作-社会工作,0,0,0,4
2004,2-制造业-化学原料和化学制品制造业,4,0,4,43
2004,2-电力、热力、燃气及水生产和供应业-燃气生产和供应业,2,0,2,6
2004,3-住宿和餐饮业-住宿业,2,0,2,10
2004,2-制造业-金属制品业,20,0,20,92
2004,1-农、林、牧、渔业-农业,2,0,2,16
2004,3-水利、环境和公共设施管理业-公共设施管理业,10,1,9,55
2004,2-电力、热力、燃气及水生产和供应业-水的生产和供应业,3,0,3,8
2004,2-制造业-酒、饮料和精制茶制造业,1,0,1,9
2004,3-水利、环境和公共设施管理业-生态保护和环境治理业,2,0,2,18
2004,2-制造业-非金属矿物制品业,3,0,3,27
2004,2-制造业-铁路、船舶、航空航天和其他运输设备制造业,1,0,1,29
2004,3-金融业-资本市场服务,2,0,2,21
2004,1-农、林、牧、渔业-畜牧业,0,0,0,1
2004,2-采矿业-开采专业及辅助性活动,1,0,1,3
2004,3-金融业-其他金融业,3,0,3,14
2004,2-制造业-家具制造业,4,0,4,35
2004,3-交通运输、仓储和邮政业-水上运输业,3,0,3,10
2004,3-居民服务、修理和其他服务业-机动车、电子产品和日用产品修理业,4,0,4,30
2004,1-农、林、牧、渔业-农、林、牧、渔专业及辅助性活动,0,0,0,6
2004,2-制造业-石油、煤炭及其他燃料加工业,1,0,1,7
2004,2-制造业-医药制造业,6,0,6,53
2004,1-农、林、牧、渔业-渔业,0,0,0,1
2004,2-制造业-纺织业,2,0,2,17
2004,2-制造业-其他制造业,15,0,15,47
2004,2-制造业-废弃资源综合利用业,0,0,0,1
2004,1-农、林、牧、渔业-林业,0,0,0,2
2004,2-制造业-橡胶和塑料制品业,12,0,12,50
2004,2-制造业-纺织服装、服饰业,3,0,3,37
2004,2-制造业-有色金属冶炼和压延加工业,0,0,0,3
2004,2-制造业-食品制造业,3,0,3,9
2004,3-金融业-货币金融服务,0,0,0,4
2004,3-交通运输、仓储和邮政业-装卸搬运和仓储业,2,0,2,21
2004,2-制造业-印刷和记录媒介复制业,4,0,4,27
2004,2-制造业-造纸和纸制品业,1,0,1,9
2004,3-水利、环境和公共设施管理业-土地管理业,0,0,0,2
2004,2-采矿业-其他采矿业,0,0,0,0
2004,2-制造业-黑色金属冶炼和压延加工业,2,0,2,5
2004,2-采矿业-有色金属矿采选业,0,0,0,2
2004,3-交通运输、仓储和邮政业-管道运输业,0,0,0,1
2004,3-交通运输、仓储和邮政业-邮政业,1,0,1,3
2004,2-制造业-化学纤维制造业,2,0,2,3
2004,2-制造业-木材加工和木、竹、藤、棕、草制品业,3,0,3,9
2004,3-交通运输、仓储和邮政业-铁路运输业,1,0,1,1
2004,2-制造业-烟草制品业,0,0,0,0
2004,2-采矿业-煤炭开采和洗选业,0,0,0,5
2004,2-制造业-皮革、毛皮、羽毛及其制品和制鞋业,1,0,1,11
2004,2-采矿业-石油和天然气开采业,0,0,0,1
2004,2-采矿业-非金属矿采选业,0,0,0,1
2004,2-采矿业-黑色金属矿采选业,0,0,0,0
2005,3-科学研究和技术服务业-科技推广和应用服务业,455,0,455,1977
2005,3-信息传输、软件和信息技术服务业-软件和信息技术服务业,474,1,473,2517
2005,3-科学研究和技术服务业-研究和试验发展,104,1,103,570
2005,3-文化、体育和娱乐业-广播、电视、电影和录音制作业,4,0,4,30
2005,3-文化、体育和娱乐业-文化艺术业,41,0,41,152
2005,3-租赁和商务服务业-商务服务业,270,1,269,1329
2005,3-批发和零售业-零售业,114,0,114,812
2005,3-信息传输、软件和信息技术服务业-互联网和相关服务,37,0,37,201
2005,2-制造业-计算机、通信和其他电子设备制造业,101,0,101,568
2005,3-教育-教育,5,0,5,28
2005,3-批发和零售业-批发业,399,0,399,2111
2005,3-居民服务、修理和其他服务业-居民服务业,15,0,15,67
2005,3-科学研究和技术服务业-专业技术服务业,120,0,120,800
2005,3-交通运输、仓储和邮政业-航空运输业,3,0,3,18
2005,3-居民服务、修理和其他服务业-其他服务业,12,0,12,52
2005,3-文化、体育和娱乐业-娱乐业,7,0,7,32
2005,2-制造业-通用设备制造业,36,0,36,245
2005,3-交通运输、仓储和邮政业-多式联运和运输代理业,13,0,13,38
2005,2-制造业-金属制品、机械和设备修理业,2,0,2,27
2005,3-水利、环境和公共设施管理业-水利管理业,2,0,2,15
2005,2-制造业-专用设备制造业,54,0,54,308
2005,3-交通运输、仓储和邮政业-道路运输业,11,0,11,86
2005,2-建筑业-房屋建筑业,10,0,10,146
2005,3-文化、体育和娱乐业-体育,3,0,3,14
2005,2-电力、热力、燃气及水生产和供应业-电力、热力生产和供应业,4,0,4,51
2005,3-房地产业-房地产业,36,0,36,260
2005,2-建筑业-土木工程建筑业,33,0,33,216
2005,3-租赁和商务服务业-租赁业,4,0,4,27
2005,2-制造业-仪器仪表制造业,29,0,29,174
2005,3-信息传输、软件和信息技术服务业-电信、广播电视和卫星传输服务,15,0,15,105
2005,2-建筑业-建筑装饰、装修和其他建筑业,74,0,74,331
2005,2-制造业-电气机械和器材制造业,49,0,49,294
2005,2-建筑业-建筑安装业,31,0,31,253
2005,3-金融业-保险业,1,0,1,3
2005,3-住宿和餐饮业-餐饮业,4,0,4,17
2005,2-制造业-农副食品加工业,1,0,1,8
2005,2-制造业-汽车制造业,11,2,9,69
2005,2-制造业-文教、工美、体育和娱乐用品制造业,11,0,11,48
2005,3-文化、体育和娱乐业-新闻和出版业,1,0,1,38
2005,3-卫生和社会工作-卫生,1,0,1,1
2005,3-卫生和社会工作-社会工作,2,0,2,6
2005,2-制造业-化学原料和化学制品制造业,5,0,5,48
2005,2-电力、热力、燃气及水生产和供应业-燃气生产和供应业,1,0,1,7
2005,3-住宿和餐饮业-住宿业,1,0,1,11
2005,2-制造业-金属制品业,19,0,19,111
2005,1-农、林、牧、渔业-农业,2,0,2,18
2005,3-水利、环境和公共设施管理业-公共设施管理业,3,1,2,57
2005,2-电力、热力、燃气及水生产和供应业-水的生产和供应业,2,0,2,10
2005,2-制造业-酒、饮料和精制茶制造业,1,0,1,10
2005,3-水利、环境和公共设施管理业-生态保护和环境治理业,6,0,6,24
2005,2-制造业-非金属矿物制品业,4,0,4,31
2005,2-制造业-铁路、船舶、航空航天和其他运输设备制造业,8,0,8,37
2005,3-金融业-资本市场服务,0,0,0,21
2005,1-农、林、牧、渔业-畜牧业,0,0,0,1
2005,2-采矿业-开采专业及辅助性活动,1,0,1,4
2005,3-金融业-其他金融业,3,0,3,17
2005,2-制造业-家具制造业,11,0,11,46
2005,3-交通运输、仓储和邮政业-水上运输业,1,0,1,11
2005,3-居民服务、修理和其他服务业-机动车、电子产品和日用产品修理业,7,0,7,37
2005,1-农、林、牧、渔业-农、林、牧、渔专业及辅助性活动,1,0,1,7
2005,2-制造业-石油、煤炭及其他燃料加工业,1,0,1,8
2005,2-制造业-医药制造业,4,0,4,57
2005,1-农、林、牧、渔业-渔业,0,0,0,1
2005,2-制造业-纺织业,5,0,5,22
2005,2-制造业-其他制造业,4,0,4,51
2005,2-制造业-废弃资源综合利用业,0,0,0,1
2005,1-农、林、牧、渔业-林业,0,0,0,2
2005,2-制造业-橡胶和塑料制品业,6,0,6,56
2005,2-制造业-纺织服装、服饰业,6,0,6,43
2005,2-制造业-有色金属冶炼和压延加工业,3,0,3,6
2005,2-制造业-食品制造业,1,0,1,10
2005,3-金融业-货币金融服务,0,0,0,4
2005,3-交通运输、仓储和邮政业-装卸搬运和仓储业,3,0,3,24
2005,2-制造业-印刷和记录媒介复制业,8,0,8,35
2005,2-制造业-造纸和纸制品业,2,0,2,11
2005,3-水利、环境和公共设施管理业-土地管理业,1,0,1,3
2005,2-采矿业-其他采矿业,0,0,0,0
2005,2-制造业-黑色金属冶炼和压延加工业,1,0,1,6
2005,2-采矿业-有色金属矿采选业,0,0,0,2
2005,3-交通运输、仓储和邮政业-管道运输业,1,0,1,2
2005,3-交通运输、仓储和邮政业-邮政业,2,0,2,5
2005,2-制造业-化学纤维制造业,0,0,0,3
2005,2-制造业-木材加工和木、竹、藤、棕、草制品业,1,0,1,10
2005,3-交通运输、仓储和邮政业-铁路运输业,0,0,0,1
2005,2-制造业-烟草制品业,0,0,0,0
2005,2-采矿业-煤炭开采和洗选业,0,0,0,5
2005,2-制造业-皮革、毛皮、羽毛及其制品和制鞋业,0,0,0,11
2005,2-采矿业-石油和天然气开采业,0,0,0,1
2005,2-采矿业-非金属矿采选业,0,0,0,1
2005,2-采矿业-黑色金属矿采选业,0,0,0,0
2006,3-科学研究和技术服务业-科技推广和应用服务业,445,0,445,2422
2006,3-信息传输、软件和信息技术服务业-软件和信息技术服务业,613,1,612,3129
2006,3-科学研究和技术服务业-研究和试验发展,155,2,153,723
2006,3-文化、体育和娱乐业-广播、电视、电影和录音制作业,4,0,4,34
2006,3-文化、体育和娱乐业-文化艺术业,49,0,49,201
2006,3-租赁和商务服务业-商务服务业,321,0,321,1650
2006,3-批发和零售业-零售业,133,0,133,945
2006,3-信息传输、软件和信息技术服务业-互联网和相关服务,42,0,42,243
2006,2-制造业-计算机、通信和其他电子设备制造业,98,1,97,665
2006,3-教育-教育,6,0,6,34
2006,3-批发和零售业-批发业,524,0,524,2635
2006,3-居民服务、修理和其他服务业-居民服务业,7,0,7,74
2006,3-科学研究和技术服务业-专业技术服务业,122,0,122,922
2006,3-交通运输、仓储和邮政业-航空运输业,0,0,0,18
2006,3-居民服务、修理和其他服务业-其他服务业,9,0,9,61
2006,3-文化、体育和娱乐业-娱乐业,15,0,15,47
2006,2-制造业-通用设备制造业,46,0,46,291
2006,3-交通运输、仓储和邮政业-多式联运和运输代理业,10,0,10,48
2006,2-制造业-金属制品、机械和设备修理业,3,0,3,30
2006,3-水利、环境和公共设施管理业-水利管理业,1,0,1,16
2006,2-制造业-专用设备制造业,50,0,50,358
2006,3-交通运输、仓储和邮政业-道路运输业,12,0,12,98
2006,2-建筑业-房屋建筑业,22,0,22,168
2006,3-文化、体育和娱乐业-体育,4,0,4,18
2006,2-电力、热力、燃气及水生产和供应业-电力、热力生产和供应业,7,0,7,58
2006,3-房地产业-房地产业,46,0,46,306
2006,2-建筑业-土木工程建筑业,34,0,34,250
2006,3-租赁和商务服务业-租赁业,7,0,7,34
2006,2-制造业-仪器仪表制造业,25,0,25,199
2006,3-信息传输、软件和信息技术服务业-电信、广播电视和卫星传输服务,10,1,9,114
2006,2-建筑业-建筑装饰、装修和其他建筑业,74,0,74,405
2006,2-制造业-电气机械和器材制造业,52,0,52,346
2006,2-建筑业-建筑安装业,42,0,42,295
2006,3-金融业-保险业,0,0,0,3
2006,3-住宿和餐饮业-餐饮业,2,0,2,19
2006,2-制造业-农副食品加工业,1,0,1,9
2006,2-制造业-汽车制造业,12,0,12,81
2006,2-制造业-文教、工美、体育和娱乐用品制造业,10,0,10,58
2006,3-文化、体育和娱乐业-新闻和出版业,3,0,3,41
2006,3-卫生和社会工作-卫生,1,0,1,2
2006,3-卫生和社会工作-社会工作,4,0,4,10
2006,2-制造业-化学原料和化学制品制造业,8,0,8,56
2006,2-电力、热力、燃气及水生产和供应业-燃气生产和供应业,3,0,3,10
2006,3-住宿和餐饮业-住宿业,0,0,0,11
2006,2-制造业-金属制品业,27,0,27,138
2006,1-农、林、牧、渔业-农业,3,0,3,21
2006,3-水利、环境和公共设施管理业-公共设施管理业,9,0,9,66
2006,2-电力、热力、燃气及水生产和供应业-水的生产和供应业,2,0,2,12
2006,2-制造业-酒、饮料和精制茶制造业,0,0,0,10
2006,3-水利、环境和公共设施管理业-生态保护和环境治理业,4,0,4,28
2006,2-制造业-非金属矿物制品业,7,0,7,38
2006,2-制造业-铁路、船舶、航空航天和其他运输设备制造业,7,0,7,44
2006,3-金融业-资本市场服务,5,0,5,26
2006,1-农、林、牧、渔业-畜牧业,1,0,1,2
2006,2-采矿业-开采专业及辅助性活动,0,0,0,4
2006,3-金融业-其他金融业,1,0,1,18
2006,2-制造业-家具制造业,9,0,9,55
2006,3-交通运输、仓储和邮政业-水上运输业,0,0,0,11
2006,3-居民服务、修理和其他服务业-机动车、电子产品和日用产品修理业,11,0,11,48
2006,1-农、林、牧、渔业-农、林、牧、渔专业及辅助性活动,0,0,0,7
2006,2-制造业-石油、煤炭及其他燃料加工业,2,0,2,10
2006,2-制造业-医药制造业,3,0,3,60
2006,1-农、林、牧、渔业-渔业,0,0,0,1
2006,2-制造业-纺织业,5,0,5,27
2006,2-制造业-其他制造业,22,0,22,73
2006,2-制造业-废弃资源综合利用业,1,0,1,2
2006,1-农、林、牧、渔业-林业,1,0,1,3
2006,2-制造业-橡胶和塑料制品业,11,0,11,67
2006,2-制造业-纺织服装、服饰业,7,0,7,50
2006,2-制造业-有色金属冶炼和压延加工业,0,0,0,6
2006,2-制造业-食品制造业,1,0,1,11
2006,3-金融业-货币金融服务,1,0,1,5
2006,3-交通运输、仓储和邮政业-装卸搬运和仓储业,3,0,3,27
2006,2-制造业-印刷和记录媒介复制业,5,0,5,40
2006,2-制造业-造纸和纸制品业,6,0,6,17
2006,3-水利、环境和公共设施管理业-土地管理业,2,0,2,5
2006,2-采矿业-其他采矿业,0,0,0,0
2006,2-制造业-黑色金属冶炼和压延加工业,0,0,0,6
2006,2-采矿业-有色金属矿采选业,0,0,0,2
2006,3-交通运输、仓储和邮政业-管道运输业,0,0,0,2
2006,3-交通运输、仓储和邮政业-邮政业,1,0,1,6
2006,2-制造业-化学纤维制造业,1,0,1,4
2006,2-制造业-木材加工和木、竹、藤、棕、草制品业,2,0,2,12
2006,3-交通运输、仓储和邮政业-铁路运输业,0,0,0,1
2006,2-制造业-烟草制品业,0,0,0,0
2006,2-采矿业-煤炭开采和洗选业,2,0,2,7
2006,2-制造业-皮革、毛皮、羽毛及其制品和制鞋业,0,0,0,11
2006,2-采矿业-石油和天然气开采业,0,0,0,1
2006,2-采矿业-非金属矿采选业,1,0,1,2
2006,2-采矿业-黑色金属矿采选业,0,0,0,0
2007,3-科学研究和技术服务业-科技推广和应用服务业,511,0,511,2933
2007,3-信息传输、软件和信息技术服务业-软件和信息技术服务业,644,0,644,3773
2007,3-科学研究和技术服务业-研究和试验发展,192,0,192,915
2007,3-文化、体育和娱乐业-广播、电视、电影和录音制作业,11,0,11,45
2007,3-文化、体育和娱乐业-文化艺术业,52,0,52,253
2007,3-租赁和商务服务业-商务服务业,362,0,362,2012
2007,3-批发和零售业-零售业,184,0,184,1129
2007,3-信息传输、软件和信息技术服务业-互联网和相关服务,44,0,44,287
2007,2-制造业-计算机、通信和其他电子设备制造业,92,1,91,756
2007,3-教育-教育,8,0,8,42
2007,3-批发和零售业-批发业,551,0,551,3186
2007,3-居民服务、修理和其他服务业-居民服务业,10,1,9,83
2007,3-科学研究和技术服务业-专业技术服务业,144,1,143,1065
2007,3-交通运输、仓储和邮政业-航空运输业,2,0,2,20
2007,3-居民服务、修理和其他服务业-其他服务业,21,0,21,82
2007,3-文化、体育和娱乐业-娱乐业,17,0,17,64
2007,2-制造业-通用设备制造业,48,0,48,339
2007,3-交通运输、仓储和邮政业-多式联运和运输代理业,5,0,5,53
2007,2-制造业-金属制品、机械和设备修理业,5,0,5,35
2007,3-水利、环境和公共设施管理业-水利管理业,1,0,1,17
2007,2-制造业-专用设备制造业,47,0,47,405
2007,3-交通运输、仓储和邮政业-道路运输业,10,0,10,108
2007,2-建筑业-房屋建筑业,21,0,21,189
2007,3-文化、体育和娱乐业-体育,5,0,5,23
2007,2-电力、热力、燃气及水生产和供应业-电力、热力生产和供应业,7,0,7,65
2007,3-房地产业-房地产业,51,0,51,357
2007,2-建筑业-土木工程建筑业,41,0,41,291
2007,3-租赁和商务服务业-租赁业,12,0,12,46
2007,2-制造业-仪器仪表制造业,26,0,26,225
2007,3-信息传输、软件和信息技术服务业-电信、广播电视和卫星传输服务,20,0,20,134
2007,2-建筑业-建筑装饰、装修和其他建筑业,67,0,67,472
2007,2-制造业-电气机械和器材制造业,63,0,63,409
2007,2-建筑业-建筑安装业,53,0,53,348
2007,3-金融业-保险业,0,0,0,3
2007,3-住宿和餐饮业-餐饮业,6,0,6,25
2007,2-制造业-农副食品加工业,2,0,2,11
2007,2-制造业-汽车制造业,8,0,8,89
2007,2-制造业-文教、工美、体育和娱乐用品制造业,9,0,9,67
2007,3-文化、体育和娱乐业-新闻和出版业,3,0,3,44
2007,3-卫生和社会工作-卫生,1,0,1,3
2007,3-卫生和社会工作-社会工作,2,0,2,12
2007,2-制造业-化学原料和化学制品制造业,5,0,5,61
2007,2-电力、热力、燃气及水生产和供应业-燃气生产和供应业,0,0,0,10
2007,3-住宿和餐饮业-住宿业,0,0,0,11
2007,2-制造业-金属制品业,26,0,26,164
2007,1-农、林、牧、渔业-农业,7,0,7,28
2007,3-水利、环境和公共设施管理业-公共设施管理业,10,0,10,76
2007,2-电力、热力、燃气及水生产和供应业-水的生产和供应业,0,0,0,12
2007,2-制造业-酒、饮料和精制茶制造业,2,0,2,12
2007,3-水利、环境和公共设施管理业-生态保护和环境治理业,3,0,3,31
2007,2-制造业-非金属矿物制品业,10,0,10,48
2007,2-制造业-铁路、船舶、航空航天和其他运输设备制造业,10,0,10,54
2007,3-金融业-资本市场服务,5,0,5,31
2007,1-农、林、牧、渔业-畜牧业,1,0,1,3
2007,2-采矿业-开采专业及辅助性活动,0,0,0,4
2007,3-金融业-其他金融业,9,0,9,27
2007,2-制造业-家具制造业,14,0,14,69
2007,3-交通运输、仓储和邮政业-水上运输业,1,0,1,12
2007,3-居民服务、修理和其他服务业-机动车、电子产品和日用产品修理业,4,0,4,52
2007,1-农、林、牧、渔业-农、林、牧、渔专业及辅助性活动,3,0,3,10
2007,2-制造业-石油、煤炭及其他燃料加工业,2,0,2,12
2007,2-制造业-医药制造业,2,0,2,62
2007,1-农、林、牧、渔业-渔业,2,0,2,3
2007,2-制造业-纺织业,2,0,2,29
2007,2-制造业-其他制造业,15,0,15,88
2007,2-制造业-废弃资源综合利用业,0,0,0,2
2007,1-农、林、牧、渔业-林业,0,0,0,3
2007,2-制造业-橡胶和塑料制品业,18,0,18,85
2007,2-制造业-纺织服装、服饰业,5,0,5,55
2007,2-制造业-有色金属冶炼和压延加工业,3,0,3,9
2007,2-制造业-食品制造业,0,0,0,11
2007,3-金融业-货币金融服务,0,0,0,5
2007,3-交通运输、仓储和邮政业-装卸搬运和仓储业,7,0,7,34
2007,2-制造业-印刷和记录媒介复制业,3,0,3,43
2007,2-制造业-造纸和纸制品业,2,0,2,19
2007,3-水利、环境和公共设施管理业-土地管理业,1,0,1,6
2007,2-采矿业-其他采矿业,0,0,0,0
2007,2-制造业-黑色金属冶炼和压延加工业,2,0,2,8
2007,2-采矿业-有色金属矿采选业,0,0,0,2
2007,3-交通运输、仓储和邮政业-管道运输业,0,0,0,2
2007,3-交通运输、仓储和邮政业-邮政业,1,0,1,7
2007,2-制造业-化学纤维制造业,0,0,0,4
2007,2-制造业-木材加工和木、竹、藤、棕、草制品业,0,0,0,12
2007,3-交通运输、仓储和邮政业-铁路运输业,1,0,1,2
2007,2-制造业-烟草制品业,0,0,0,0
2007,2-采矿业-煤炭开采和洗选业,1,0,1,8
2007,2-制造业-皮革、毛皮、羽毛及其制品和制鞋业,1,0,1,12
2007,2-采矿业-石油和天然气开采业,0,0,0,1
2007,2-采矿业-非金属矿采选业,0,0,0,2
2007,2-采矿业-黑色金属矿采选业,0,0,0,0
2008,3-科学研究和技术服务业-科技推广和应用服务业,535,0,535,3468
2008,3-信息传输、软件和信息技术服务业-软件和信息技术服务业,748,1,747,4520
2008,3-科学研究和技术服务业-研究和试验发展,204,1,203,1118
2008,3-文化、体育和娱乐业-广播、电视、电影和录音制作业,8,0,8,53
2008,3-文化、体育和娱乐业-文化艺术业,59,0,59,312
2008,3-租赁和商务服务业-商务服务业,414,0,414,2426
2008,3-批发和零售业-零售业,199,0,199,1328
2008,3-信息传输、软件和信息技术服务业-互联网和相关服务,59,1,58,345
2008,2-制造业-计算机、通信和其他电子设备制造业,97,4,93,849
2008,3-教育-教育,11,0,11,53
2008,3-批发和零售业-批发业,668,0,668,3854
2008,3-居民服务、修理和其他服务业-居民服务业,10,0,10,93
2008,3-科学研究和技术服务业-专业技术服务业,177,1,176,1241
2008,3-交通运输、仓储和邮政业-航空运输业,0,0,0,20
2008,3-居民服务、修理和其他服务业-其他服务业,18,0,18,100
2008,3-文化、体育和娱乐业-娱乐业,14,0,14,78
2008,2-制造业-通用设备制造业,50,0,50,389
2008,3-交通运输、仓储和邮政业-多式联运和运输代理业,7,0,7,60
2008,2-制造业-金属制品、机械和设备修理业,7,0,7,42
2008,3-水利、环境和公共设施管理业-水利管理业,0,0,0,17
2008,2-制造业-专用设备制造业,58,1,57,462
2008,3-交通运输、仓储和邮政业-道路运输业,15,0,15,123
2008,2-建筑业-房屋建筑业,22,0,22,211
2008,3-文化、体育和娱乐业-体育,3,0,3,26
2008,2-电力、热力、燃气及水生产和供应业-电力、热力生产和供应业,15,0,15,80
2008,3-房地产业-房地产业,50,0,50,407
2008,2-建筑业-土木工程建筑业,46,0,46,337
2008,3-租赁和商务服务业-租赁业,4,0,4,50
2008,2-制造业-仪器仪表制造业,34,0,34,259
2008,3-信息传输、软件和信息技术服务业-电信、广播电视和卫星传输服务,16,0,16,150
2008,2-建筑业-建筑装饰、装修和其他建筑业,82,0,82,554
2008,2-制造业-电气机械和器材制造业,43,0,43,452
2008,2-建筑业-建筑安装业,57,0,57,405
2008,3-金融业-保险业,0,0,0,3
2008,3-住宿和餐饮业-餐饮业,3,0,3,28
2008,2-制造业-农副食品加工业,0,0,0,11
2008,2-制造业-汽车制造业,8,0,8,97
2008,2-制造业-文教、工美、体育和娱乐用品制造业,8,0,8,75
2008,3-文化、体育和娱乐业-新闻和出版业,1,0,1,45
2008,3-卫生和社会工作-卫生,0,0,0,3
2008,3-卫生和社会工作-社会工作,0,0,0,12
2008,2-制造业-化学原料和化学制品制造业,4,0,4,65
2008,2-电力、热力、燃气及水生产和供应业-燃气生产和供应业,2,0,2,12
2008,3-住宿和餐饮业-住宿业,3,0,3,14
2008,2-制造业-金属制品业,31,0,31,195
2008,1-农、林、牧、渔业-农业,9,0,9,37
2008,3-水利、环境和公共设施管理业-公共设施管理业,9,1,8,84
2008,2-电力、热力、燃气及水生产和供应业-水的生产和供应业,2,0,2,14
2008,2-制造业-酒、饮料和精制茶制造业,2,0,2,14
2008,3-水利、环境和公共设施管理业-生态保护和环境治理业,5,0,5,36
2008,2-制造业-非金属矿物制品业,7,0,7,55
2008,2-制造业-铁路、船舶、航空航天和其他运输设备制造业,5,0,5,59
2008,3-金融业-资本市场服务,4,0,4,35
2008,1-农、林、牧、渔业-畜牧业,2,0,2,5
2008,2-采矿业-开采专业及辅助性活动,1,0,1,5
2008,3-金融业-其他金融业,4,0,4,31
2008,2-制造业-家具制造业,11,0,11,80
2008,3-交通运输、仓储和邮政业-水上运输业,2,0,2,14
2008,3-居民服务、修理和其他服务业-机动车、电子产品和日用产品修理业,12,0,12,64
2008,1-农、林、牧、渔业-农、林、牧、渔专业及辅助性活动,2,0,2,12
2008,2-制造业-石油、煤炭及其他燃料加工业,0,0,0,12
2008,2-制造业-医药制造业,4,0,4,66
2008,1-农、林、牧、渔业-渔业,0,0,0,3
2008,2-制造业-纺织业,3,0,3,32
2008,2-制造业-其他制造业,11,0,11,99
2008,2-制造业-废弃资源综合利用业,0,0,0,2
2008,1-农、林、牧、渔业-林业,0,0,0,3
2008,2-制造业-橡胶和塑料制品业,8,0,8,93
2008,2-制造业-纺织服装、服饰业,9,0,9,64
2008,2-制造业-有色金属冶炼和压延加工业,3,0,3,12
2008,2-制造业-食品制造业,3,0,3,14
2008,3-金融业-货币金融服务,1,0,1,6
2008,3-交通运输、仓储和邮政业-装卸搬运和仓储业,6,0,6,40
2008,2-制造业-印刷和记录媒介复制业,6,0,6,49
2008,2-制造业-造纸和纸制品业,2,0,2,21
2008,3-水利、环境和公共设施管理业-土地管理业,0,0,0,6
2008,2-采矿业-其他采矿业,0,0,0,0
2008,2-制造业-黑色金属冶炼和压延加工业,1,0,1,9
2008,2-采矿业-有色金属矿采选业,1,0,1,3
2008,3-交通运输、仓储和邮政业-管道运输业,0,0,0,2
2008,3-交通运输、仓储和邮政业-邮政业,2,0,2,9
2008,2-制造业-化学纤维制造业,0,0,0,4
2008,2-制造业-木材加工和木、竹、藤、棕、草制品业,3,0,3,15
2008,3-交通运输、仓储和邮政业-铁路运输业,0,0,0,2
2008,2-制造业-烟草制品业,0,0,0,0
2008,2-采矿业-煤炭开采和洗选业,1,0,1,9
2008,2-制造业-皮革、毛皮、羽毛及其制品和制鞋业,2,0,2,14
2008,2-采矿业-石油和天然气开采业,0,0,0,1
2008,2-采矿业-非金属矿采选业,0,0,0,2
2008,2-采矿业-黑色金属矿采选业,1,0,1,1
2009,3-科学研究和技术服务业-科技推广和应用服务业,862,0,862,4330
2009,3-信息传输、软件和信息技术服务业-软件和信息技术服务业,976,1,975,5495
2009,3-科学研究和技术服务业-研究和试验发展,286,0,286,1404
2009,3-文化、体育和娱乐业-广播、电视、电影和录音制作业,21,0,21,74
2009,3-文化、体育和娱乐业-文化艺术业,78,0,78,390
2009,3-租赁和商务服务业-商务服务业,585,0,585,3011
2009,3-批发和零售业-零售业,297,0,297,1625
2009,3-信息传输、软件和信息技术服务业-互联网和相关服务,77,0,77,422
2009,2-制造业-计算机、通信和其他电子设备制造业,122,1,121,970
2009,3-教育-教育,12,0,12,65
2009,3-批发和零售业-批发业,826,0,826,4680
2009,3-居民服务、修理和其他服务业-居民服务业,17,0,17,110
2009,3-科学研究和技术服务业-专业技术服务业,234,2,232,1473
2009,3-交通运输、仓储和邮政业-航空运输业,2,0,2,22
2009,3-居民服务、修理和其他服务业-其他服务业,20,0,20,120
2009,3-文化、体育和娱乐业-娱乐业,14,0,14,92
2009,2-制造业-通用设备制造业,46,0,46,435
2009,3-交通运输、仓储和邮政业-多式联运和运输代理业,12,0,12,72
2009,2-制造业-金属制品、机械和设备修理业,8,0,8,50
2009,3-水利、环境和公共设施管理业-水利管理业,4,0,4,21
2009,2-制造业-专用设备制造业,67,0,67,529
2009,3-交通运输、仓储和邮政业-道路运输业,18,0,18,141
2009,2-建筑业-房屋建筑业,24,0,24,235
2009,3-文化、体育和娱乐业-体育,2,0,2,28
2009,2-电力、热力、燃气及水生产和供应业-电力、热力生产和供应业,9,0,9,89
2009,3-房地产业-房地产业,50,0,50,457
2009,2-建筑业-土木工程建筑业,54,0,54,391
2009,3-租赁和商务服务业-租赁业,10,0,10,60
2009,2-制造业-仪器仪表制造业,42,0,42,301
2009,3-信息传输、软件和信息技术服务业-电信、广播电视和卫星传输服务,26,0,26,176
2009,2-建筑业-建筑装饰、装修和其他建筑业,102,0,102,656
2009,2-制造业-电气机械和器材制造业,79,0,79,531
2009,2-建筑业-建筑安装业,65,0,65,470
2009,3-金融业-保险业,0,0,0,3
2009,3-住宿和餐饮业-餐饮业,7,0,7,35
2009,2-制造业-农副食品加工业,1,0,1,12
2009,2-制造业-汽车制造业,11,0,11,108
2009,2-制造业-文教、工美、体育和娱乐用品制造业,11,0,11,86
2009,3-文化、体育和娱乐业-新闻和出版业,7,0,7,52
2009,3-卫生和社会工作-卫生,1,0,1,4
2009,3-卫生和社会工作-社会工作,2,0,2,14
2009,2-制造业-化学原料和化学制品制造业,9,0,9,74
2009,2-电力、热力、燃气及水生产和供应业-燃气生产和供应业,3,0,3,15
2009,3-住宿和餐饮业-住宿业,5,0,5,19
2009,2-制造业-金属制品业,28,0,28,223
2009,1-农、林、牧、渔业-农业,6,0,6,43
2009,3-水利、环境和公共设施管理业-公共设施管理业,13,0,13,97
2009,2-电力、热力、燃气及水生产和供应业-水的生产和供应业,3,0,3,17
2009,2-制造业-酒、饮料和精制茶制造业,4,0,4,18
2009,3-水利、环境和公共设施管理业-生态保护和环境治理业,11,0,11,47
2009,2-制造业-非金属矿物制品业,11,0,11,66
2009,2-制造业-铁路、船舶、航空航天和其他运输设备制造业,4,0,4,63
2009,3-金融业-资本市场服务,8,0,8,43
2009,1-农、林、牧、渔业-畜牧业,6,0,6,11
2009,2-采矿业-开采专业及辅助性活动,1,0,1,6
2009,3-金融业-其他金融业,9,0,9,40
2009,2-制造业-家具制造业,16,0,16,96
2009,3-交通运输、仓储和邮政业-水上运输业,0,0,0,14
2009,3-居民服务、修理和其他服务业-机动车、电子产品和日用产品修理业,11,0,11,75
2009,1-农、林、牧、渔业-农、林、牧、渔专业及辅助性活动,5,0,5,17
2009,2-制造业-石油、煤炭及其他燃料加工业,1,0,1,13
2009,2-制造业-医药制造业,3,0,3,69
2009,1-农、林、牧、渔业-渔业,2,0,2,5
2009,2-制造业-纺织业,3,0,3,35
2009,2-制造业-其他制造业,17,0,17,116
2009,2-制造业-废弃资源综合利用业,0,0,0,2
2009,1-农、林、牧、渔业-林业,1,0,1,4
2009,2-制造业-橡胶和塑料制品业,11,0,11,104
2009,2-制造业-纺织服装、服饰业,6,0,6,70
2009,2-制造业-有色金属冶炼和压延加工业,3,0,3,15
2009,2-制造业-食品制造业,1,0,1,15
2009,3-金融业-货币金融服务,4,0,4,10
2009,3-交通运输、仓储和邮政业-装卸搬运和仓储业,4,0,4,44
2009,2-制造业-印刷和记录媒介复制业,4,0,4,53
2009,2-制造业-造纸和纸制品业,2,0,2,23
2009,3-水利、环境和公共设施管理业-土地管理业,0,0,0,6
2009,2-采矿业-其他采矿业,1,0,1,1
2009,2-制造业-黑色金属冶炼和压延加工业,1,0,1,10
2009,2-采矿业-有色金属矿采选业,0,0,0,3
2009,3-交通运输、仓储和邮政业-管道运输业,0,0,0,2
2009,3-交通运输、仓储和邮政业-邮政业,0,0,0,9
2009,2-制造业-化学纤维制造业,1,0,1,5
2009,2-制造业-木材加工和木、竹、藤、棕、草制品业,5,0,5,20
2009,3-交通运输、仓储和邮政业-铁路运输业,0,0,0,2
2009,2-制造业-烟草制品业,0,0,0,0
2009,2-采矿业-煤炭开采和洗选业,0,0,0,9
2009,2-制造业-皮革、毛皮、羽毛及其制品和制鞋业,3,0,3,17
2009,2-采矿业-石油和天然气开采业,0,0,0,1
2009,2-采矿业-非金属矿采选业,0,0,0,2
2009,2-采矿业-黑色金属矿采选业,0,0,0,1
2010,3-科学研究和技术服务业-科技推广和应用服务业,958,0,958,5288
2010,3-信息传输、软件和信息技术服务业-软件和信息技术服务业,1265,0,1265,6760
2010,3-科学研究和技术服务业-研究和试验发展,429,2,427,1831
2010,3-文化、体育和娱乐业-广播、电视、电影和录音制作业,20,0,20,94
2010,3-文化、体育和娱乐业-文化艺术业,93,0,93,483
2010,3-租赁和商务服务业-商务服务业,732,0,732,3743
2010,3-批发和零售业-零售业,362,0,362,1987
2010,3-信息传输、软件和信息技术服务业-互联网和相关服务,76,0,76,498
2010,2-制造业-计算机、通信和其他电子设备制造业,166,1,165,1135
2010,3-教育-教育,20,0,20,85
2010,3-批发和零售业-批发业,1087,0,1087,5767
2010,3-居民服务、修理和其他服务业-居民服务业,19,0,19,129
2010,3-科学研究和技术服务业-专业技术服务业,282,0,282,1755
2010,3-交通运输、仓储和邮政业-航空运输业,3,0,3,25
2010,3-居民服务、修理和其他服务业-其他服务业,31,0,31,151
2010,3-文化、体育和娱乐业-娱乐业,21,0,21,113
2010,2-制造业-通用设备制造业,87,1,86,521
2010,3-交通运输、仓储和邮政业-多式联运和运输代理业,15,0,15,87
2010,2-制造业-金属制品、机械和设备修理业,6,0,6,56
2010,3-水利、环境和公共设施管理业-水利管理业,2,0,2,23
2010,2-制造业-专用设备制造业,76,0,76,605
2010,3-交通运输、仓储和邮政业-道路运输业,17,0,17,158
2010,2-建筑业-房屋建筑业,48,0,48,283
2010,3-文化、体育和娱乐业-体育,11,0,11,39
2010,2-电力、热力、燃气及水生产和供应业-电力、热力生产和供应业,8,0,8,97
2010,3-房地产业-房地产业,71,0,71,528
2010,2-建筑业-土木工程建筑业,60,0,60,451
2010,3-租赁和商务服务业-租赁业,9,0,9,69
2010,2-制造业-仪器仪表制造业,47,0,47,348
2010,3-信息传输、软件和信息技术服务业-电信、广播电视和卫星传输服务,17,0,17,193
2010,2-建筑业-建筑装饰、装修和其他建筑业,148,0,148,804
2010,2-制造业-电气机械和器材制造业,80,0,80,611
2010,2-建筑业-建筑安装业,75,0,75,545
2010,3-金融业-保险业,1,0,1,4
2010,3-住宿和餐饮业-餐饮业,3,0,3,38
2010,2-制造业-农副食品加工业,2,0,2,14
2010,2-制造业-汽车制造业,12,0,12,120
2010,2-制造业-文教、工美、体育和娱乐用品制造业,11,0,11,97
2010,3-文化、体育和娱乐业-新闻和出版业,10,0,10,62
2010,3-卫生和社会工作-卫生,1,0,1,5
2010,3-卫生和社会工作-社会工作,3,0,3,17
2010,2-制造业-化学原料和化学制品制造业,4,0,4,78
2010,2-电力、热力、燃气及水生产和供应业-燃气生产和供应业,3,0,3,18
2010,3-住宿和餐饮业-住宿业,3,0,3,22
2010,2-制造业-金属制品业,43,0,43,266
2010,1-农、林、牧、渔业-农业,10,0,10,53
2010,3-水利、环境和公共设施管理业-公共设施管理业,12,0,12,109
2010,2-电力、热力、燃气及水生产和供应业-水的生产和供应业,0,0,0,17
2010,2-制造业-酒、饮料和精制茶制造业,1,0,1,19
2010,3-水利、环境和公共设施管理业-生态保护和环境治理业,10,0,10,57
2010,2-制造业-非金属矿物制品业,13,0,13,79
2010,2-制造业-铁路、船舶、航空航天和其他运输设备制造业,12,0,12,75
2010,3-金融业-资本市场服务,8,0,8,51
2010,1-农、林、牧、渔业-畜牧业,2,0,2,13
2010,2-采矿业-开采专业及辅助性活动,0,0,0,6
2010,3-金融业-其他金融业,8,0,8,48
2010,2-制造业-家具制造业,8,0,8,104
2010,3-交通运输、仓储和邮政业-水上运输业,2,0,2,16
2010,3-居民服务、修理和其他服务业-机动车、电子产品和日用产品修理业,23,0,23,98
2010,1-农、林、牧、渔业-农、林、牧、渔专业及辅助性活动,6,0,6,23
2010,2-制造业-石油、煤炭及其他燃料加工业,0,0,0,13
2010,2-制造业-医药制造业,4,0,4,73
2010,1-农、林、牧、渔业-渔业,1,0,1,6
2010,2-制造业-纺织业,5,0,5,40
2010,2-制造业-其他制造业,21,0,21,137
2010,2-制造业-废弃资源综合利用业,0,0,0,2
2010,1-农、林、牧、渔业-林业,2,0,2,6
2010,2-制造业-橡胶和塑料制品业,11,0,11,115
2010,2-制造业-纺织服装、服饰业,5,0,5,75
2010,2-制造业-有色金属冶炼和压延加工业,1,0,1,16
2010,2-制造业-食品制造业,1,0,1,16
2010,3-金融业-货币金融服务,4,0,4,14
2010,3-交通运输、仓储和邮政业-装卸搬运和仓储业,11,0,11,55
2010,2-制造业-印刷和记录媒介复制业,8,0,8,61
2010,2-制造业-造纸和纸制品业,6,0,6,29
2010,3-水利、环境和公共设施管理业-土地管理业,1,0,1,7
2010,2-采矿业-其他采矿业,0,0,0,1
2010,2-制造业-黑色金属冶炼和压延加工业,0,0,0,10
2010,2-采矿业-有色金属矿采选业,0,0,0,3
2010,3-交通运输、仓储和邮政业-管道运输业,0,0,0,2
2010,3-交通运输、仓储和邮政业-邮政业,0,0,0,9
2010,2-制造业-化学纤维制造业,0,0,0,5
2010,2-制造业-木材加工和木、竹、藤、棕、草制品业,6,0,6,26
2010,3-交通运输、仓储和邮政业-铁路运输业,0,0,0,2
2010,2-制造业-烟草制品业,0,0,0,0
2010,2-采矿业-煤炭开采和洗选业,1,0,1,10
2010,2-制造业-皮革、毛皮、羽毛及其制品和制鞋业,2,0,2,19
2010,2-采矿业-石油和天然气开采业,0,0,0,1
2010,2-采矿业-非金属矿采选业,0,0,0,2
2010,2-采矿业-黑色金属矿采选业,0,0,0,1
2011,3-科学研究和技术服务业-科技推广和应用服务业,1198,0,1198,6486
2011,3-信息传输、软件和信息技术服务业-软件和信息技术服务业,1451,1,1450,8210
2011,3-科学研究和技术服务业-研究和试验发展,489,2,487,2318
2011,3-文化、体育和娱乐业-广播、电视、电影和录音制作业,21,0,21,115
2011,3-文化、体育和娱乐业-文化艺术业,129,0,129,612
2011,3-租赁和商务服务业-商务服务业,870,0,870,4613
2011,3-批发和零售业-零售业,519,0,519,2506
2011,3-信息传输、软件和信息技术服务业-互联网和相关服务,117,0,117,615
2011,2-制造业-计算机、通信和其他电子设备制造业,170,0,170,1305
2011,3-教育-教育,24,0,24,109
2011,3-批发和零售业-批发业,1297,0,1297,7064
2011,3-居民服务、修理和其他服务业-居民服务业,26,0,26,155
2011,3-科学研究和技术服务业-专业技术服务业,371,0,371,2126
2011,3-交通运输、仓储和邮政业-航空运输业,2,0,2,27
2011,3-居民服务、修理和其他服务业-其他服务业,30,0,30,181
2011,3-文化、体育和娱乐业-娱乐业,35,0,35,148
2011,2-制造业-通用设备制造业,103,0,103,624
2011,3-交通运输、仓储和邮政业-多式联运和运输代理业,18,0,18,105
2011,2-制造业-金属制品、机械和设备修理业,7,0,7,63
2011,3-水利、环境和公共设施管理业-水利管理业,1,0,1,24
2011,2-制造业-专用设备制造业,60,0,60,665
2011,3-交通运输、仓储和邮政业-道路运输业,25,0,25,183
2011,2-建筑业-房屋建筑业,48,0,48,331
2011,3-文化、体育和娱乐业-体育,9,0,9,48
2011,2-电力、热力、燃气及水生产和供应业-电力、热力生产和供应业,13,0,13,110
2011,3-房地产业-房地产业,72,0,72,600
2011,2-建筑业-土木工程建筑业,105,0,105,556
2011,3-租赁和商务服务业-租赁业,19,0,19,88
2011,2-制造业-仪器仪表制造业,57,0,57,405
2011,3-信息传输、软件和信息技术服务业-电信、广播电视和卫星传输服务,22,0,22,215
2011,2-建筑业-建筑装饰、装修和其他建筑业,194,0,194,998
2011,2-制造业-电气机械和器材制造业,85,0,85,696
2011,2-建筑业-建筑安装业,92,1,91,636
2011,3-金融业-保险业,1,0,1,5
2011,3-住宿和餐饮业-餐饮业,3,0,3,41
2011,2-制造业-农副食品加工业,4,0,4,18
2011,2-制造业-汽车制造业,16,1,15,135
2011,2-制造业-文教、工美、体育和娱乐用品制造业,8,0,8,105
2011,3-文化、体育和娱乐业-新闻和出版业,7,0,7,69
2011,3-卫生和社会工作-卫生,5,0,5,10
2011,3-卫生和社会工作-社会工作,5,0,5,22
2011,2-制造业-化学原料和化学制品制造业,8,0,8,86
2011,2-电力、热力、燃气及水生产和供应业-燃气生产和供应业,1,0,1,19
2011,3-住宿和餐饮业-住宿业,2,0,2,24
2011,2-制造业-金属制品业,45,0,45,311
2011,1-农、林、牧、渔业-农业,7,0,7,60
2011,3-水利、环境和公共设施管理业-公共设施管理业,17,0,17,126
2011,2-电力、热力、燃气及水生产和供应业-水的生产和供应业,3,0,3,20
2011,2-制造业-酒、饮料和精制茶制造业,2,0,2,21
2011,3-水利、环境和公共设施管理业-生态保护和环境治理业,13,0,13,70
2011,2-制造业-非金属矿物制品业,4,0,4,83
2011,2-制造业-铁路、船舶、航空航天和其他运输设备制造业,7,0,7,82
2011,3-金融业-资本市场服务,12,0,12,63
2011,1-农、林、牧、渔业-畜牧业,2,0,2,15
2011,2-采矿业-开采专业及辅助性活动,0,0,0,6
2011,3-金融业-其他金融业,14,0,14,62
2011,2-制造业-家具制造业,20,0,20,124
2011,3-交通运输、仓储和邮政业-水上运输业,2,0,2,18
2011,3-居民服务、修理和其他服务业-机动车、电子产品和日用产品修理业,18,0,18,116
2011,1-农、林、牧、渔业-农、林、牧、渔专业及辅助性活动,10,0,10,33
2011,2-制造业-石油、煤炭及其他燃料加工业,2,0,2,15
2011,2-制造业-医药制造业,1,0,1,74
2011,1-农、林、牧、渔业-渔业,0,0,0,6
2011,2-制造业-纺织业,3,0,3,43
2011,2-制造业-其他制造业,21,0,21,158
2011,2-制造业-废弃资源综合利用业,0,0,0,2
2011,1-农、林、牧、渔业-林业,2,0,2,8
2011,2-制造业-橡胶和塑料制品业,13,0,13,128
2011,2-制造业-纺织服装、服饰业,8,0,8,83
2011,2-制造业-有色金属冶炼和压延加工业,2,0,2,18
2011,2-制造业-食品制造业,3,0,3,19
2011,3-金融业-货币金融服务,0,0,0,14
2011,3-交通运输、仓储和邮政业-装卸搬运和仓储业,6,0,6,61
2011,2-制造业-印刷和记录媒介复制业,3,0,3,64
2011,2-制造业-造纸和纸制品业,4,0,4,33
2011,3-水利、环境和公共设施管理业-土地管理业,0,0,0,7
2011,2-采矿业-其他采矿业,0,0,0,1
2011,2-制造业-黑色金属冶炼和压延加工业,0,0,0,10
2011,2-采矿业-有色金属矿采选业,0,0,0,3
2011,3-交通运输、仓储和邮政业-管道运输业,0,0,0,2
2011,3-交通运输、仓储和邮政业-邮政业,1,0,1,10
2011,2-制造业-化学纤维制造业,0,0,0,5
2011,2-制造业-木材加工和木、竹、藤、棕、草制品业,2,0,2,28
2011,3-交通运输、仓储和邮政业-铁路运输业,0,0,0,2
2011,2-制造业-烟草制品业,0,0,0,0
2011,2-采矿业-煤炭开采和洗选业,0,0,0,10
2011,2-制造业-皮革、毛皮、羽毛及其制品和制鞋业,1,0,1,20
2011,2-采矿业-石油和天然气开采业,0,0,0,1
2011,2-采矿业-非金属矿采选业,0,0,0,2
2011,2-采矿业-黑色金属矿采选业,0,0,0,1
2012,3-科学研究和技术服务业-科技推广和应用服务业,1306,0,1306,7792
2012,3-信息传输、软件和信息技术服务业-软件和信息技术服务业,1623,1,1622,9832
2012,3-科学研究和技术服务业-研究和试验发展,546,0,546,2864
2012,3-文化、体育和娱乐业-广播、电视、电影和录音制作业,18,0,18,133
2012,3-文化、体育和娱乐业-文化艺术业,152,0,152,764
2012,3-租赁和商务服务业-商务服务业,1044,0,1044,5657
2012,3-批发和零售业-零售业,624,0,624,3130
2012,3-信息传输、软件和信息技术服务业-互联网和相关服务,140,0,140,755
2012,2-制造业-计算机、通信和其他电子设备制造业,135,1,134,1439
2012,3-教育-教育,27,0,27,136
2012,3-批发和零售业-批发业,1412,0,1412,8476
2012,3-居民服务、修理和其他服务业-居民服务业,25,0,25,180
2012,3-科学研究和技术服务业-专业技术服务业,410,0,410,2536
2012,3-交通运输、仓储和邮政业-航空运输业,3,0,3,30
2012,3-居民服务、修理和其他服务业-其他服务业,32,0,32,213
2012,3-文化、体育和娱乐业-娱乐业,36,0,36,184
2012,2-制造业-通用设备制造业,84,0,84,708
2012,3-交通运输、仓储和邮政业-多式联运和运输代理业,15,0,15,120
2012,2-制造业-金属制品、机械和设备修理业,15,0,15,78
2012,3-水利、环境和公共设施管理业-水利管理业,3,0,3,27
2012,2-制造业-专用设备制造业,80,0,80,745
2012,3-交通运输、仓储和邮政业-道路运输业,24,0,24,207
2012,2-建筑业-房屋建筑业,48,0,48,379
2012,3-文化、体育和娱乐业-体育,7,0,7,55
2012,2-电力、热力、燃气及水生产和供应业-电力、热力生产和供应业,13,0,13,123
2012,3-房地产业-房地产业,66,0,66,666
2012,2-建筑业-土木工程建筑业,69,0,69,625
2012,3-租赁和商务服务业-租赁业,22,0,22,110
2012,2-制造业-仪器仪表制造业,48,0,48,453
2012,3-信息传输、软件和信息技术服务业-电信、广播电视和卫星传输服务,21,0,21,236
2012,2-建筑业-建筑装饰、装修和其他建筑业,181,0,181,1179
2012,2-制造业-电气机械和器材制造业,55,0,55,751
2012,2-建筑业-建筑安装业,102,0,102,738
2012,3-金融业-保险业,0,0,0,5
2012,3-住宿和餐饮业-餐饮业,7,0,7,48
2012,2-制造业-农副食品加工业,0,0,0,18
2012,2-制造业-汽车制造业,16,0,16,151
2012,2-制造业-文教、工美、体育和娱乐用品制造业,10,0,10,115
2012,3-文化、体育和娱乐业-新闻和出版业,11,0,11,80
2012,3-卫生和社会工作-卫生,0,0,0,10
2012,3-卫生和社会工作-社会工作,6,0,6,28
2012,2-制造业-化学原料和化学制品制造业,9,0,9,95
2012,2-电力、热力、燃气及水生产和供应业-燃气生产和供应业,5,0,5,24
2012,3-住宿和餐饮业-住宿业,8,0,8,32
2012,2-制造业-金属制品业,42,0,42,353
2012,1-农、林、牧、渔业-农业,14,0,14,74
2012,3-水利、环境和公共设施管理业-公共设施管理业,18,0,18,144
2012,2-电力、热力、燃气及水生产和供应业-水的生产和供应业,2,0,2,22
2012,2-制造业-酒、饮料和精制茶制造业,2,0,2,23
2012,3-水利、环境和公共设施管理业-生态保护和环境治理业,11,0,11,81
2012,2-制造业-非金属矿物制品业,14,0,14,97
2012,2-制造业-铁路、船舶、航空航天和其他运输设备制造业,11,0,11,93
2012,3-金融业-资本市场服务,3,0,3,66
2012,1-农、林、牧、渔业-畜牧业,3,0,3,18
2012,2-采矿业-开采专业及辅助性活动,2,0,2,8
2012,3-金融业-其他金融业,6,0,6,68
2012,2-制造业-家具制造业,23,0,23,147
2012,3-交通运输、仓储和邮政业-水上运输业,1,0,1,19
2012,3-居民服务、修理和其他服务业-机动车、电子产品和日用产品修理业,13,0,13,129
2012,1-农、林、牧、渔业-农、林、牧、渔专业及辅助性活动,5,0,5,38
2012,2-制造业-石油、煤炭及其他燃料加工业,0,0,0,15
2012,2-制造业-医药制造业,5,0,5,79
2012,1-农、林、牧、渔业-渔业,2,0,2,8
2012,2-制造业-纺织业,5,0,5,48
2012,2-制造业-其他制造业,17,0,17,175
2012,2-制造业-废弃资源综合利用业,0,0,0,2
2012,1-农、林、牧、渔业-林业,4,0,4,12
2012,2-制造业-橡胶和塑料制品业,12,0,12,140
2012,2-制造业-纺织服装、服饰业,15,0,15,98
2012,2-制造业-有色金属冶炼和压延加工业,4,0,4,22
2012,2-制造业-食品制造业,3,0,3,22
2012,3-金融业-货币金融服务,2,0,2,16
2012,3-交通运输、仓储和邮政业-装卸搬运和仓储业,10,0,10,71
2012,2-制造业-印刷和记录媒介复制业,6,0,6,70
2012,2-制造业-造纸和纸制品业,9,0,9,42
2012,3-水利、环境和公共设施管理业-土地管理业,0,0,0,7
2012,2-采矿业-其他采矿业,0,0,0,1
2012,2-制造业-黑色金属冶炼和压延加工业,0,0,0,10
2012,2-采矿业-有色金属矿采选业,1,0,1,4
2012,3-交通运输、仓储和邮政业-管道运输业,0,0,0,2
2012,3-交通运输、仓储和邮政业-邮政业,1,0,1,11
2012,2-制造业-化学纤维制造业,1,0,1,6
2012,2-制造业-木材加工和木、竹、藤、棕、草制品业,3,0,3,31
2012,3-交通运输、仓储和邮政业-铁路运输业,0,0,0,2
2012,2-制造业-烟草制品业,1,0,1,1
2012,2-采矿业-煤炭开采和洗选业,1,0,1,11
2012,2-制造业-皮革、毛皮、羽毛及其制品和制鞋业,2,0,2,22
2012,2-采矿业-石油和天然气开采业,0,0,0,1
2012,2-采矿业-非金属矿采选业,0,0,0,2
2012,2-采矿业-黑色金属矿采选业,0,0,0,1
2013,3-科学研究和技术服务业-科技推广和应用服务业,1668,0,1668,9460
2013,3-信息传输、软件和信息技术服务业-软件和信息技术服务业,2327,0,2327,12159
2013,3-科学研究和技术服务业-研究和试验发展,742,0,742,3606
2013,3-文化、体育和娱乐业-广播、电视、电影和录音制作业,34,0,34,167
2013,3-文化、体育和娱乐业-文化艺术业,190,0,190,954
2013,3-租赁和商务服务业-商务服务业,1535,0,1535,7192
2013,3-批发和零售业-零售业,806,0,806,3936
2013,3-信息传输、软件和信息技术服务业-互联网和相关服务,246,0,246,1001
2013,2-制造业-计算机、通信和其他电子设备制造业,227,1,226,1665
2013,3-教育-教育,36,0,36,172
2013,3-批发和零售业-批发业,1865,1,1864,10340
2013,3-居民服务、修理和其他服务业-居民服务业,51,0,51,231
2013,3-科学研究和技术服务业-专业技术服务业,447,0,447,2983
2013,3-交通运输、仓储和邮政业-航空运输业,4,0,4,34
2013,3-居民服务、修理和其他服务业-其他服务业,53,0,53,266
2013,3-文化、体育和娱乐业-娱乐业,35,0,35,219
2013,2-制造业-通用设备制造业,77,0,77,785
2013,3-交通运输、仓储和邮政业-多式联运和运输代理业,21,0,21,141
2013,2-制造业-金属制品、机械和设备修理业,17,0,17,95
2013,3-水利、环境和公共设施管理业-水利管理业,4,0,4,31
2013,2-制造业-专用设备制造业,106,0,106,851
2013,3-交通运输、仓储和邮政业-道路运输业,33,0,33,240
2013,2-建筑业-房屋建筑业,75,0,75,454
2013,3-文化、体育和娱乐业-体育,18,0,18,73
2013,2-电力、热力、燃气及水生产和供应业-电力、热力生产和供应业,18,0,18,141
2013,3-房地产业-房地产业,119,0,119,785
2013,2-建筑业-土木工程建筑业,79,0,79,704
2013,3-租赁和商务服务业-租赁业,26,0,26,136
2013,2-制造业-仪器仪表制造业,56,0,56,509
2013,3-信息传输、软件和信息技术服务业-电信、广播电视和卫星传输服务,36,0,36,272
2013,2-建筑业-建筑装饰、装修和其他建筑业,298,0,298,1477
2013,2-制造业-电气机械和器材制造业,101,1,100,851
2013,2-建筑业-建筑安装业,119,1,118,856
2013,3-金融业-保险业,0,0,0,5
2013,3-住宿和餐饮业-餐饮业,9,0,9,57
2013,2-制造业-农副食品加工业,5,0,5,23
2013,2-制造业-汽车制造业,15,0,15,166
2013,2-制造业-文教、工美、体育和娱乐用品制造业,17,0,17,132
2013,3-文化、体育和娱乐业-新闻和出版业,6,0,6,86
2013,3-卫生和社会工作-卫生,5,0,5,15
2013,3-卫生和社会工作-社会工作,9,0,9,37
2013,2-制造业-化学原料和化学制品制造业,5,0,5,100
2013,2-电力、热力、燃气及水生产和供应业-燃气生产和供应业,1,0,1,25
2013,3-住宿和餐饮业-住宿业,5,0,5,37
2013,2-制造业-金属制品业,36,0,36,389
2013,1-农、林、牧、渔业-农业,24,0,24,98
2013,3-水利、环境和公共设施管理业-公共设施管理业,20,0,20,164
2013,2-电力、热力、燃气及水生产和供应业-水的生产和供应业,5,0,5,27
2013,2-制造业-酒、饮料和精制茶制造业,2,0,2,25
2013,3-水利、环境和公共设施管理业-生态保护和环境治理业,14,0,14,95
2013,2-制造业-非金属矿物制品业,14,0,14,111
2013,2-制造业-铁路、船舶、航空航天和其他运输设备制造业,9,0,9,102
2013,3-金融业-资本市场服务,16,0,16,82
2013,1-农、林、牧、渔业-畜牧业,2,0,2,20
2013,2-采矿业-开采专业及辅助性活动,1,0,1,9
2013,3-金融业-其他金融业,21,0,21,89
2013,2-制造业-家具制造业,25,0,25,172
2013,3-交通运输、仓储和邮政业-水上运输业,2,0,2,21
2013,3-居民服务、修理和其他服务业-机动车、电子产品和日用产品修理业,31,0,31,160
2013,1-农、林、牧、渔业-农、林、牧、渔专业及辅助性活动,6,0,6,44
2013,2-制造业-石油、煤炭及其他燃料加工业,0,0,0,15
2013,2-制造业-医药制造业,6,0,6,85
2013,1-农、林、牧、渔业-渔业,2,0,2,10
2013,2-制造业-纺织业,10,0,10,58
2013,2-制造业-其他制造业,30,0,30,205
2013,2-制造业-废弃资源综合利用业,2,0,2,4
2013,1-农、林、牧、渔业-林业,2,0,2,14
2013,2-制造业-橡胶和塑料制品业,14,0,14,154
2013,2-制造业-纺织服装、服饰业,10,0,10,108
2013,2-制造业-有色金属冶炼和压延加工业,2,0,2,24
2013,2-制造业-食品制造业,3,0,3,25
2013,3-金融业-货币金融服务,4,0,4,20
2013,3-交通运输、仓储和邮政业-装卸搬运和仓储业,9,0,9,80
2013,2-制造业-印刷和记录媒介复制业,9,0,9,79
2013,2-制造业-造纸和纸制品业,5,0,5,47
2013,3-水利、环境和公共设施管理业-土地管理业,2,0,2,9
2013,2-采矿业-其他采矿业,1,0,1,2
2013,2-制造业-黑色金属冶炼和压延加工业,0,0,0,10
2013,2-采矿业-有色金属矿采选业,0,0,0,4
2013,3-交通运输、仓储和邮政业-管道运输业,0,0,0,2
2013,3-交通运输、仓储和邮政业-邮政业,1,0,1,12
2013,2-制造业-化学纤维制造业,1,0,1,7
2013,2-制造业-木材加工和木、竹、藤、棕、草制品业,6,0,6,37
2013,3-交通运输、仓储和邮政业-铁路运输业,0,0,0,2
2013,2-制造业-烟草制品业,0,0,0,1
2013,2-采矿业-煤炭开采和洗选业,0,0,0,11
2013,2-制造业-皮革、毛皮、羽毛及其制品和制鞋业,2,0,2,24
2013,2-采矿业-石油和天然气开采业,0,0,0,1
2013,2-采矿业-非金属矿采选业,0,0,0,2
2013,2-采矿业-黑色金属矿采选业,1,0,1,2
2014,3-科学研究和技术服务业-科技推广和应用服务业,3305,0,3305,12765
2014,3-信息传输、软件和信息技术服务业-软件和信息技术服务业,4695,0,4695,16854
2014,3-科学研究和技术服务业-研究和试验发展,1283,1,1282,4888
2014,3-文化、体育和娱乐业-广播、电视、电影和录音制作业,53,0,53,220
2014,3-文化、体育和娱乐业-文化艺术业,404,0,404,1358
2014,3-租赁和商务服务业-商务服务业,2620,0,2620,9812
2014,3-批发和零售业-零售业,1411,0,1411,5347
2014,3-信息传输、软件和信息技术服务业-互联网和相关服务,533,0,533,1534
2014,2-制造业-计算机、通信和其他电子设备制造业,404,1,403,2068
2014,3-教育-教育,84,0,84,256
2014,3-批发和零售业-批发业,2947,0,2947,13287
2014,3-居民服务、修理和其他服务业-居民服务业,81,0,81,312
2014,3-科学研究和技术服务业-专业技术服务业,847,1,846,3829
2014,3-交通运输、仓储和邮政业-航空运输业,13,0,13,47
2014,3-居民服务、修理和其他服务业-其他服务业,114,0,114,380
2014,3-文化、体育和娱乐业-娱乐业,103,0,103,322
2014,2-制造业-通用设备制造业,142,0,142,927
2014,3-交通运输、仓储和邮政业-多式联运和运输代理业,40,0,40,181
2014,2-制造业-金属制品、机械和设备修理业,22,0,22,117
2014,3-水利、环境和公共设施管理业-水利管理业,1,0,1,32
2014,2-制造业-专用设备制造业,140,0,140,991
2014,3-交通运输、仓储和邮政业-道路运输业,54,0,54,294
2014,2-建筑业-房屋建筑业,111,0,111,565
2014,3-文化、体育和娱乐业-体育,30,0,30,103
2014,2-电力、热力、燃气及水生产和供应业-电力、热力生产和供应业,32,0,32,173
2014,3-房地产业-房地产业,152,0,152,937
2014,2-建筑业-土木工程建筑业,193,0,193,897
2014,3-租赁和商务服务业-租赁业,58,0,58,194
2014,2-制造业-仪器仪表制造业,73,1,72,581
2014,3-信息传输、软件和信息技术服务业-电信、广播电视和卫星传输服务,41,0,41,313
2014,2-建筑业-建筑装饰、装修和其他建筑业,442,0,442,1919
2014,2-制造业-电气机械和器材制造业,126,0,126,977
2014,2-建筑业-建筑安装业,215,0,215,1071
2014,3-金融业-保险业,1,0,1,6
2014,3-住宿和餐饮业-餐饮业,23,0,23,80
2014,2-制造业-农副食品加工业,4,0,4,27
2014,2-制造业-汽车制造业,31,0,31,197
2014,2-制造业-文教、工美、体育和娱乐用品制造业,23,0,23,155
2014,3-文化、体育和娱乐业-新闻和出版业,4,0,4,90
2014,3-卫生和社会工作-卫生,9,0,9,24
2014,3-卫生和社会工作-社会工作,21,0,21,58
2014,2-制造业-化学原料和化学制品制造业,17,0,17,117
2014,2-电力、热力、燃气及水生产和供应业-燃气生产和供应业,1,0,1,26
2014,3-住宿和餐饮业-住宿业,7,0,7,44
2014,2-制造业-金属制品业,54,0,54,443
2014,1-农、林、牧、渔业-农业,61,0,61,159
2014,3-水利、环境和公共设施管理业-公共设施管理业,37,0,37,201
2014,2-电力、热力、燃气及水生产和供应业-水的生产和供应业,5,0,5,32
2014,2-制造业-酒、饮料和精制茶制造业,7,0,7,32
2014,3-水利、环境和公共设施管理业-生态保护和环境治理业,26,0,26,121
2014,2-制造业-非金属矿物制品业,18,0,18,129
2014,2-制造业-铁路、船舶、航空航天和其他运输设备制造业,16,0,16,118
2014,3-金融业-资本市场服务,24,0,24,106
2014,1-农、林、牧、渔业-畜牧业,3,0,3,23
2014,2-采矿业-开采专业及辅助性活动,1,0,1,10
2014,3-金融业-其他金融业,56,0,56,145
2014,2-制造业-家具制造业,35,0,35,207
2014,3-交通运输、仓储和邮政业-水上运输业,3,0,3,24
2014,3-居民服务、修理和其他服务业-机动车、电子产品和日用产品修理业,38,0,38,198
2014,1-农、林、牧、渔业-农、林、牧、渔专业及辅助性活动,15,0,15,59
2014,2-制造业-石油、煤炭及其他燃料加工业,1,0,1,16
2014,2-制造业-医药制造业,12,0,12,97
2014,1-农、林、牧、渔业-渔业,5,0,5,15
2014,2-制造业-纺织业,19,0,19,77
2014,2-制造业-其他制造业,64,0,64,269
2014,2-制造业-废弃资源综合利用业,0,0,0,4
2014,1-农、林、牧、渔业-林业,2,0,2,16
2014,2-制造业-橡胶和塑料制品业,17,0,17,171
2014,2-制造业-纺织服装、服饰业,24,0,24,132
2014,2-制造业-有色金属冶炼和压延加工业,3,0,3,27
2014,2-制造业-食品制造业,7,0,7,32
2014,3-金融业-货币金融服务,5,0,5,25
2014,3-交通运输、仓储和邮政业-装卸搬运和仓储业,15,0,15,95
2014,2-制造业-印刷和记录媒介复制业,7,0,7,86
2014,2-制造业-造纸和纸制品业,6,0,6,53
2014,3-水利、环境和公共设施管理业-土地管理业,5,0,5,14
2014,2-采矿业-其他采矿业,0,0,0,2
2014,2-制造业-黑色金属冶炼和压延加工业,1,0,1,11
2014,2-采矿业-有色金属矿采选业,2,0,2,6
2014,3-交通运输、仓储和邮政业-管道运输业,0,0,0,2
2014,3-交通运输、仓储和邮政业-邮政业,1,0,1,13
2014,2-制造业-化学纤维制造业,3,0,3,10
2014,2-制造业-木材加工和木、竹、藤、棕、草制品业,5,0,5,42
2014,3-交通运输、仓储和邮政业-铁路运输业,0,0,0,2
2014,2-制造业-烟草制品业,0,0,0,1
2014,2-采矿业-煤炭开采和洗选业,1,0,1,12
2014,2-制造业-皮革、毛皮、羽毛及其制品和制鞋业,5,0,5,29
2014,2-采矿业-石油和天然气开采业,3,0,3,4
2014,2-采矿业-非金属矿采选业,0,0,0,2
2014,2-采矿业-黑色金属矿采选业,0,0,0,2
2015,3-科学研究和技术服务业-科技推广和应用服务业,4267,0,4267,17032
2015,3-信息传输、软件和信息技术服务业-软件和信息技术服务业,6185,7,6178,23032
2015,3-科学研究和技术服务业-研究和试验发展,1508,1,1507,6395
2015,3-文化、体育和娱乐业-广播、电视、电影和录音制作业,105,1,104,324
2015,3-文化、体育和娱乐业-文化艺术业,514,0,514,1872
2015,3-租赁和商务服务业-商务服务业,3265,0,3265,13077
2015,3-批发和零售业-零售业,1873,0,1873,7220
2015,3-信息传输、软件和信息技术服务业-互联网和相关服务,784,2,782,2316
2015,2-制造业-计算机、通信和其他电子设备制造业,343,3,340,2408
2015,3-教育-教育,154,0,154,410
2015,3-批发和零售业-批发业,3169,2,3167,16454
2015,3-居民服务、修理和其他服务业-居民服务业,97,0,97,409
2015,3-科学研究和技术服务业-专业技术服务业,966,1,965,4794
2015,3-交通运输、仓储和邮政业-航空运输业,10,1,9,56
2015,3-居民服务、修理和其他服务业-其他服务业,160,0,160,540
2015,3-文化、体育和娱乐业-娱乐业,112,0,112,434
2015,2-制造业-通用设备制造业,153,1,152,1079
2015,3-交通运输、仓储和邮政业-多式联运和运输代理业,40,0,40,221
2015,2-制造业-金属制品、机械和设备修理业,39,0,39,156
2015,3-水利、环境和公共设施管理业-水利管理业,7,0,7,39
2015,2-制造业-专用设备制造业,145,0,145,1136
2015,3-交通运输、仓储和邮政业-道路运输业,68,0,68,362
2015,2-建筑业-房屋建筑业,105,0,105,670
2015,3-文化、体育和娱乐业-体育,60,0,60,163
2015,2-电力、热力、燃气及水生产和供应业-电力、热力生产和供应业,57,0,57,230
2015,3-房地产业-房地产业,177,0,177,1114
2015,2-建筑业-土木工程建筑业,148,0,148,1045
2015,3-租赁和商务服务业-租赁业,87,0,87,281
2015,2-制造业-仪器仪表制造业,80,0,80,661
2015,3-信息传输、软件和信息技术服务业-电信、广播电视和卫星传输服务,43,0,43,356
2015,2-建筑业-建筑装饰、装修和其他建筑业,508,0,508,2427
2015,2-制造业-电气机械和器材制造业,127,0,127,1104
2015,2-建筑业-建筑安装业,247,0,247,1318
2015,3-金融业-保险业,1,0,1,7
2015,3-住宿和餐饮业-餐饮业,36,0,36,116
2015,2-制造业-农副食品加工业,12,0,12,39
2015,2-制造业-汽车制造业,24,0,24,221
2015,2-制造业-文教、工美、体育和娱乐用品制造业,40,0,40,195
2015,3-文化、体育和娱乐业-新闻和出版业,12,0,12,102
2015,3-卫生和社会工作-卫生,9,0,9,33
2015,3-卫生和社会工作-社会工作,27,0,27,85
2015,2-制造业-化学原料和化学制品制造业,18,0,18,135
2015,2-电力、热力、燃气及水生产和供应业-燃气生产和供应业,1,0,1,27
2015,3-住宿和餐饮业-住宿业,11,0,11,55
2015,2-制造业-金属制品业,67,0,67,510
2015,1-农、林、牧、渔业-农业,57,0,57,216
2015,3-水利、环境和公共设施管理业-公共设施管理业,34,0,34,235
2015,2-电力、热力、燃气及水生产和供应业-水的生产和供应业,6,0,6,38
2015,2-制造业-酒、饮料和精制茶制造业,9,0,9,41
2015,3-水利、环境和公共设施管理业-生态保护和环境治理业,40,1,39,160
2015,2-制造业-非金属矿物制品业,14,0,14,143
2015,2-制造业-铁路、船舶、航空航天和其他运输设备制造业,22,0,22,140
2015,3-金融业-资本市场服务,27,0,27,133
2015,1-农、林、牧、渔业-畜牧业,8,0,8,31
2015,2-采矿业-开采专业及辅助性活动,1,0,1,11
2015,3-金融业-其他金融业,110,0,110,255
2015,2-制造业-家具制造业,34,0,34,241
2015,3-交通运输、仓储和邮政业-水上运输业,4,0,4,28
2015,3-居民服务、修理和其他服务业-机动车、电子产品和日用产品修理业,48,0,48,246
2015,1-农、林、牧、渔业-农、林、牧、渔专业及辅助性活动,22,0,22,81
2015,2-制造业-石油、煤炭及其他燃料加工业,4,0,4,20
2015,2-制造业-医药制造业,11,0,11,108
2015,1-农、林、牧、渔业-渔业,4,0,4,19
2015,2-制造业-纺织业,13,0,13,90
2015,2-制造业-其他制造业,66,0,66,335
2015,2-制造业-废弃资源综合利用业,1,0,1,5
2015,1-农、林、牧、渔业-林业,6,0,6,22
2015,2-制造业-橡胶和塑料制品业,24,0,24,195
2015,2-制造业-纺织服装、服饰业,24,0,24,156
2015,2-制造业-有色金属冶炼和压延加工业,0,0,0,27
2015,2-制造业-食品制造业,11,0,11,43
2015,3-金融业-货币金融服务,6,0,6,31
2015,3-交通运输、仓储和邮政业-装卸搬运和仓储业,18,0,18,113
2015,2-制造业-印刷和记录媒介复制业,7,0,7,93
2015,2-制造业-造纸和纸制品业,9,0,9,62
2015,3-水利、环境和公共设施管理业-土地管理业,3,0,3,17
2015,2-采矿业-其他采矿业,1,0,1,3
2015,2-制造业-黑色金属冶炼和压延加工业,0,0,0,11
2015,2-采矿业-有色金属矿采选业,1,0,1,7
2015,3-交通运输、仓储和邮政业-管道运输业,0,0,0,2
2015,3-交通运输、仓储和邮政业-邮政业,5,0,5,18
2015,2-制造业-化学纤维制造业,0,0,0,10
2015,2-制造业-木材加工和木、竹、藤、棕、草制品业,3,0,3,45
2015,3-交通运输、仓储和邮政业-铁路运输业,0,0,0,2
2015,2-制造业-烟草制品业,0,0,0,1
2015,2-采矿业-煤炭开采和洗选业,1,0,1,13
2015,2-制造业-皮革、毛皮、羽毛及其制品和制鞋业,7,0,7,36
2015,2-采矿业-石油和天然气开采业,1,0,1,5
2015,2-采矿业-非金属矿采选业,2,0,2,4
2015,2-采矿业-黑色金属矿采选业,0,0,0,2
2016,3-科学研究和技术服务业-科技推广和应用服务业,5684,6,5678,22710
2016,3-信息传输、软件和信息技术服务业-软件和信息技术服务业,7790,15,7775,30807
2016,3-科学研究和技术服务业-研究和试验发展,1937,6,1931,8326
2016,3-文化、体育和娱乐业-广播、电视、电影和录音制作业,138,0,138,462
2016,3-文化、体育和娱乐业-文化艺术业,762,0,762,2634
2016,3-租赁和商务服务业-商务服务业,3838,1,3837,16914
2016,3-批发和零售业-零售业,2286,3,2283,9503
2016,3-信息传输、软件和信息技术服务业-互联网和相关服务,1022,2,1020,3336
2016,2-制造业-计算机、通信和其他电子设备制造业,468,5,463,2871
2016,3-教育-教育,216,1,215,625
2016,3-批发和零售业-批发业,3575,3,3572,20026
2016,3-居民服务、修理和其他服务业-居民服务业,151,0,151,560
2016,3-科学研究和技术服务业-专业技术服务业,1285,1,1284,6078
2016,3-交通运输、仓储和邮政业-航空运输业,22,0,22,78
2016,3-居民服务、修理和其他服务业-其他服务业,209,0,209,749
2016,3-文化、体育和娱乐业-娱乐业,157,0,157,591
2016,2-制造业-通用设备制造业,165,0,165,1244
2016,3-交通运输、仓储和邮政业-多式联运和运输代理业,41,0,41,262
2016,2-制造业-金属制品、机械和设备修理业,22,0,22,178
2016,3-水利、环境和公共设施管理业-水利管理业,5,0,5,44
2016,2-制造业-专用设备制造业,189,1,188,1324
2016,3-交通运输、仓储和邮政业-道路运输业,65,0,65,427
2016,2-建筑业-房屋建筑业,181,0,181,851
2016,3-文化、体育和娱乐业-体育,70,0,70,233
2016,2-电力、热力、燃气及水生产和供应业-电力、热力生产和供应业,86,0,86,316
2016,3-房地产业-房地产业,264,1,263,1377
2016,2-建筑业-土木工程建筑业,229,0,229,1274
2016,3-租赁和商务服务业-租赁业,99,0,99,380
2016,2-制造业-仪器仪表制造业,134,0,134,795
2016,3-信息传输、软件和信息技术服务业-电信、广播电视和卫星传输服务,56,0,56,412
2016,2-建筑业-建筑装饰、装修和其他建筑业,669,1,668,3095
2016,2-制造业-电气机械和器材制造业,147,0,147,1251
2016,2-建筑业-建筑安装业,288,0,288,1606
2016,3-金融业-保险业,8,0,8,15
2016,3-住宿和餐饮业-餐饮业,52,0,52,168
2016,2-制造业-农副食品加工业,10,0,10,49
2016,2-制造业-汽车制造业,40,1,39,260
2016,2-制造业-文教、工美、体育和娱乐用品制造业,38,0,38,233
2016,3-文化、体育和娱乐业-新闻和出版业,12,0,12,114
2016,3-卫生和社会工作-卫生,13,0,13,46
2016,3-卫生和社会工作-社会工作,46,0,46,131
2016,2-制造业-化学原料和化学制品制造业,25,0,25,160
2016,2-电力、热力、燃气及水生产和供应业-燃气生产和供应业,2,0,2,29
2016,3-住宿和餐饮业-住宿业,15,0,15,70
2016,2-制造业-金属制品业,84,0,84,594
2016,1-农、林、牧、渔业-农业,68,0,68,284
2016,3-水利、环境和公共设施管理业-公共设施管理业,48,0,48,283
2016,2-电力、热力、燃气及水生产和供应业-水的生产和供应业,11,0,11,49
2016,2-制造业-酒、饮料和精制茶制造业,10,0,10,51
2016,3-水利、环境和公共设施管理业-生态保护和环境治理业,42,0,42,202
2016,2-制造业-非金属矿物制品业,22,0,22,165
2016,2-制造业-铁路、船舶、航空航天和其他运输设备制造业,15,0,15,155
2016,3-金融业-资本市场服务,44,0,44,177
2016,1-农、林、牧、渔业-畜牧业,4,0,4,35
2016,2-采矿业-开采专业及辅助性活动,5,0,5,16
2016,3-金融业-其他金融业,69,0,69,324
2016,2-制造业-家具制造业,54,0,54,295
2016,3-交通运输、仓储和邮政业-水上运输业,4,0,4,32
2016,3-居民服务、修理和其他服务业-机动车、电子产品和日用产品修理业,71,0,71,317
2016,1-农、林、牧、渔业-农、林、牧、渔专业及辅助性活动,35,0,35,116
2016,2-制造业-石油、煤炭及其他燃料加工业,4,0,4,24
2016,2-制造业-医药制造业,17,0,17,125
2016,1-农、林、牧、渔业-渔业,0,0,0,19
2016,2-制造业-纺织业,15,0,15,105
2016,2-制造业-其他制造业,100,1,99,434
2016,2-制造业-废弃资源综合利用业,1,0,1,6
2016,1-农、林、牧、渔业-林业,8,0,8,30
2016,2-制造业-橡胶和塑料制品业,21,0,21,216
2016,2-制造业-纺织服装、服饰业,34,0,34,190
2016,2-制造业-有色金属冶炼和压延加工业,3,1,2,29
2016,2-制造业-食品制造业,10,0,10,53
2016,3-金融业-货币金融服务,13,0,13,44
2016,3-交通运输、仓储和邮政业-装卸搬运和仓储业,26,0,26,139
2016,2-制造业-印刷和记录媒介复制业,11,0,11,104
2016,2-制造业-造纸和纸制品业,10,0,10,72
2016,3-水利、环境和公共设施管理业-土地管理业,5,0,5,22
2016,2-采矿业-其他采矿业,4,0,4,7
2016,2-制造业-黑色金属冶炼和压延加工业,2,0,2,13
2016,2-采矿业-有色金属矿采选业,2,0,2,9
2016,3-交通运输、仓储和邮政业-管道运输业,1,0,1,3
2016,3-交通运输、仓储和邮政业-邮政业,4,0,4,22
2016,2-制造业-化学纤维制造业,1,0,1,11
2016,2-制造业-木材加工和木、竹、藤、棕、草制品业,9,0,9,54
2016,3-交通运输、仓储和邮政业-铁路运输业,1,0,1,3
2016,2-制造业-烟草制品业,0,0,0,1
2016,2-采矿业-煤炭开采和洗选业,2,0,2,15
2016,2-制造业-皮革、毛皮、羽毛及其制品和制鞋业,6,0,6,42
2016,2-采矿业-石油和天然气开采业,2,0,2,7
2016,2-采矿业-非金属矿采选业,2,0,2,6
2016,2-采矿业-黑色金属矿采选业,0,0,0,2
2017,3-科学研究和技术服务业-科技推广和应用服务业,7552,26,7526,30236
2017,3-信息传输、软件和信息技术服务业-软件和信息技术服务业,10075,78,9997,40804
2017,3-科学研究和技术服务业-研究和试验发展,2411,32,2379,10705
2017,3-文化、体育和娱乐业-广播、电视、电影和录音制作业,163,1,162,624
2017,3-文化、体育和娱乐业-文化艺术业,1019,4,1015,3649
2017,3-租赁和商务服务业-商务服务业,4747,12,4735,21649
2017,3-批发和零售业-零售业,2553,6,2547,12050
2017,3-信息传输、软件和信息技术服务业-互联网和相关服务,1523,24,1499,4835
2017,2-制造业-计算机、通信和其他电子设备制造业,502,19,483,3354
2017,3-教育-教育,327,3,324,949
2017,3-批发和零售业-批发业,3836,12,3824,23850
2017,3-居民服务、修理和其他服务业-居民服务业,192,0,192,752
2017,3-科学研究和技术服务业-专业技术服务业,1774,5,1769,7847
2017,3-交通运输、仓储和邮政业-航空运输业,23,0,23,101
2017,3-居民服务、修理和其他服务业-其他服务业,246,0,246,995
2017,3-文化、体育和娱乐业-娱乐业,185,0,185,776
2017,2-制造业-通用设备制造业,243,0,243,1487
2017,3-交通运输、仓储和邮政业-多式联运和运输代理业,54,1,53,315
2017,2-制造业-金属制品、机械和设备修理业,29,0,29,207
2017,3-水利、环境和公共设施管理业-水利管理业,8,0,8,52
2017,2-制造业-专用设备制造业,228,2,226,1550
2017,3-交通运输、仓储和邮政业-道路运输业,103,0,103,530
2017,2-建筑业-房屋建筑业,318,0,318,1169
2017,3-文化、体育和娱乐业-体育,107,0,107,340
2017,2-电力、热力、燃气及水生产和供应业-电力、热力生产和供应业,130,1,129,445
2017,3-房地产业-房地产业,365,0,365,1742
2017,2-建筑业-土木工程建筑业,323,0,323,1597
2017,3-租赁和商务服务业-租赁业,137,0,137,517
2017,2-制造业-仪器仪表制造业,123,1,122,917
2017,3-信息传输、软件和信息技术服务业-电信、广播电视和卫星传输服务,54,0,54,466
2017,2-建筑业-建筑装饰、装修和其他建筑业,864,2,862,3957
2017,2-制造业-电气机械和器材制造业,185,3,182,1433
2017,2-建筑业-建筑安装业,363,0,363,1969
2017,3-金融业-保险业,7,0,7,22
2017,3-住宿和餐饮业-餐饮业,56,0,56,224
2017,2-制造业-农副食品加工业,10,0,10,59
2017,2-制造业-汽车制造业,47,0,47,307
2017,2-制造业-文教、工美、体育和娱乐用品制造业,51,0,51,284
2017,3-文化、体育和娱乐业-新闻和出版业,14,0,14,128
2017,3-卫生和社会工作-卫生,26,1,25,71
2017,3-卫生和社会工作-社会工作,55,1,54,185
2017,2-制造业-化学原料和化学制品制造业,24,0,24,184
2017,2-电力、热力、燃气及水生产和供应业-燃气生产和供应业,1,0,1,30
2017,3-住宿和餐饮业-住宿业,18,0,18,88
2017,2-制造业-金属制品业,99,0,99,693
2017,1-农、林、牧、渔业-农业,84,0,84,368
2017,3-水利、环境和公共设施管理业-公共设施管理业,63,1,62,345
2017,2-电力、热力、燃气及水生产和供应业-水的生产和供应业,10,0,10,59
2017,2-制造业-酒、饮料和精制茶制造业,7,0,7,58
2017,3-水利、环境和公共设施管理业-生态保护和环境治理业,74,1,73,275
2017,2-制造业-非金属矿物制品业,29,0,29,194
2017,2-制造业-铁路、船舶、航空航天和其他运输设备制造业,23,0,23,178
2017,3-金融业-资本市场服务,26,0,26,203
2017,1-农、林、牧、渔业-畜牧业,12,0,12,47
2017,2-采矿业-开采专业及辅助性活动,2,0,2,18
2017,3-金融业-其他金融业,72,1,71,395
2017,2-制造业-家具制造业,63,0,63,358
2017,3-交通运输、仓储和邮政业-水上运输业,3,0,3,35
2017,3-居民服务、修理和其他服务业-机动车、电子产品和日用产品修理业,64,0,64,381
2017,1-农、林、牧、渔业-农、林、牧、渔专业及辅助性活动,36,1,35,151
2017,2-制造业-石油、煤炭及其他燃料加工业,3,1,2,26
2017,2-制造业-医药制造业,19,0,19,144
2017,1-农、林、牧、渔业-渔业,3,0,3,22
2017,2-制造业-纺织业,17,1,16,121
2017,2-制造业-其他制造业,146,0,146,580
2017,2-制造业-废弃资源综合利用业,3,0,3,9
2017,1-农、林、牧、渔业-林业,9,0,9,39
2017,2-制造业-橡胶和塑料制品业,27,0,27,243
2017,2-制造业-纺织服装、服饰业,27,0,27,217
2017,2-制造业-有色金属冶炼和压延加工业,4,0,4,33
2017,2-制造业-食品制造业,8,0,8,61
2017,3-金融业-货币金融服务,14,0,14,58
2017,3-交通运输、仓储和邮政业-装卸搬运和仓储业,25,1,24,163
2017,2-制造业-印刷和记录媒介复制业,21,0,21,125
2017,2-制造业-造纸和纸制品业,13,0,13,85
2017,3-水利、环境和公共设施管理业-土地管理业,9,0,9,31
2017,2-采矿业-其他采矿业,0,0,0,7
2017,2-制造业-黑色金属冶炼和压延加工业,1,0,1,14
2017,2-采矿业-有色金属矿采选业,1,0,1,10
2017,3-交通运输、仓储和邮政业-管道运输业,0,0,0,3
2017,3-交通运输、仓储和邮政业-邮政业,4,0,4,26
2017,2-制造业-化学纤维制造业,0,0,0,11
2017,2-制造业-木材加工和木、竹、藤、棕、草制品业,18,0,18,72
2017,3-交通运输、仓储和邮政业-铁路运输业,0,0,0,3
2017,2-制造业-烟草制品业,1,0,1,2
2017,2-采矿业-煤炭开采和洗选业,1,0,1,16
2017,2-制造业-皮革、毛皮、羽毛及其制品和制鞋业,9,0,9,51
2017,2-采矿业-石油和天然气开采业,1,0,1,8
2017,2-采矿业-非金属矿采选业,0,0,0,6
2017,2-采矿业-黑色金属矿采选业,0,0,0,2
2018,3-科学研究和技术服务业-科技推广和应用服务业,10383,141,10242,40478
2018,3-信息传输、软件和信息技术服务业-软件和信息技术服务业,15543,660,14883,55687
2018,3-科学研究和技术服务业-研究和试验发展,3485,191,3294,13999
2018,3-文化、体育和娱乐业-广播、电视、电影和录音制作业,199,5,194,818
2018,3-文化、体育和娱乐业-文化艺术业,1227,6,1221,4870
2018,3-租赁和商务服务业-商务服务业,5889,51,5838,27487
2018,3-批发和零售业-零售业,3014,45,2969,15019
2018,3-信息传输、软件和信息技术服务业-互联网和相关服务,2231,97,2134,6969
2018,2-制造业-计算机、通信和其他电子设备制造业,721,45,676,4030
2018,3-教育-教育,709,19,690,1639
2018,3-批发和零售业-批发业,4356,49,4307,28157
2018,3-居民服务、修理和其他服务业-居民服务业,235,0,235,987
2018,3-科学研究和技术服务业-专业技术服务业,2550,36,2514,10361
2018,3-交通运输、仓储和邮政业-航空运输业,39,0,39,140
2018,3-居民服务、修理和其他服务业-其他服务业,263,2,261,1256
2018,3-文化、体育和娱乐业-娱乐业,226,1,225,1001
2018,2-制造业-通用设备制造业,310,2,308,1795
2018,3-交通运输、仓储和邮政业-多式联运和运输代理业,55,0,55,370
2018,2-制造业-金属制品、机械和设备修理业,52,1,51,258
2018,3-水利、环境和公共设施管理业-水利管理业,13,0,13,65
2018,2-制造业-专用设备制造业,303,6,297,1847
2018,3-交通运输、仓储和邮政业-道路运输业,119,2,117,647
2018,2-建筑业-房屋建筑业,376,2,374,1543
2018,3-文化、体育和娱乐业-体育,165,4,161,501
2018,2-电力、热力、燃气及水生产和供应业-电力、热力生产和供应业,125,5,120,565
2018,3-房地产业-房地产业,465,5,460,2202
2018,2-建筑业-土木工程建筑业,405,8,397,1994
2018,3-租赁和商务服务业-租赁业,148,3,145,662
2018,2-制造业-仪器仪表制造业,174,9,165,1082
2018,3-信息传输、软件和信息技术服务业-电信、广播电视和卫星传输服务,69,1,68,534
2018,2-建筑业-建筑装饰、装修和其他建筑业,1079,11,1068,5025
2018,2-制造业-电气机械和器材制造业,231,1,230,1663
2018,2-建筑业-建筑安装业,387,6,381,2350
2018,3-金融业-保险业,5,0,5,27
2018,3-住宿和餐饮业-餐饮业,82,0,82,306
2018,2-制造业-农副食品加工业,19,0,19,78
2018,2-制造业-汽车制造业,54,5,49,356
2018,2-制造业-文教、工美、体育和娱乐用品制造业,54,1,53,337
2018,3-文化、体育和娱乐业-新闻和出版业,12,0,12,140
2018,3-卫生和社会工作-卫生,49,0,49,120
2018,3-卫生和社会工作-社会工作,72,2,70,255
2018,2-制造业-化学原料和化学制品制造业,31,0,31,215
2018,2-电力、热力、燃气及水生产和供应业-燃气生产和供应业,8,0,8,38
2018,3-住宿和餐饮业-住宿业,20,0,20,108
2018,2-制造业-金属制品业,100,0,100,793
2018,1-农、林、牧、渔业-农业,101,1,100,468
2018,3-水利、环境和公共设施管理业-公共设施管理业,68,1,67,412
2018,2-电力、热力、燃气及水生产和供应业-水的生产和供应业,17,0,17,76
2018,2-制造业-酒、饮料和精制茶制造业,8,0,8,66
2018,3-水利、环境和公共设施管理业-生态保护和环境治理业,88,3,85,360
2018,2-制造业-非金属矿物制品业,42,0,42,236
2018,2-制造业-铁路、船舶、航空航天和其他运输设备制造业,30,1,29,207
2018,3-金融业-资本市场服务,47,1,46,249
2018,1-农、林、牧、渔业-畜牧业,6,0,6,53
2018,2-采矿业-开采专业及辅助性活动,3,0,3,21
2018,3-金融业-其他金融业,84,7,77,472
2018,2-制造业-家具制造业,84,2,82,440
2018,3-交通运输、仓储和邮政业-水上运输业,4,0,4,39
2018,3-居民服务、修理和其他服务业-机动车、电子产品和日用产品修理业,61,1,60,441
2018,1-农、林、牧、渔业-农、林、牧、渔专业及辅助性活动,56,2,54,205
2018,2-制造业-石油、煤炭及其他燃料加工业,3,0,3,29
2018,2-制造业-医药制造业,20,1,19,163
2018,1-农、林、牧、渔业-渔业,7,1,6,28
2018,2-制造业-纺织业,22,0,22,143
2018,2-制造业-其他制造业,159,3,156,736
2018,2-制造业-废弃资源综合利用业,0,0,0,9
2018,1-农、林、牧、渔业-林业,4,0,4,43
2018,2-制造业-橡胶和塑料制品业,37,1,36,279
2018,2-制造业-纺织服装、服饰业,44,0,44,261
2018,2-制造业-有色金属冶炼和压延加工业,4,0,4,37
2018,2-制造业-食品制造业,9,0,9,70
2018,3-金融业-货币金融服务,19,0,19,77
2018,3-交通运输、仓储和邮政业-装卸搬运和仓储业,31,1,30,193
2018,2-制造业-印刷和记录媒介复制业,14,0,14,139
2018,2-制造业-造纸和纸制品业,10,0,10,95
2018,3-水利、环境和公共设施管理业-土地管理业,6,0,6,37
2018,2-采矿业-其他采矿业,1,0,1,8
2018,2-制造业-黑色金属冶炼和压延加工业,1,0,1,15
2018,2-采矿业-有色金属矿采选业,3,0,3,13
2018,3-交通运输、仓储和邮政业-管道运输业,0,0,0,3
2018,3-交通运输、仓储和邮政业-邮政业,3,0,3,29
2018,2-制造业-化学纤维制造业,1,0,1,12
2018,2-制造业-木材加工和木、竹、藤、棕、草制品业,14,0,14,86
2018,3-交通运输、仓储和邮政业-铁路运输业,2,1,1,4
2018,2-制造业-烟草制品业,0,0,0,2
2018,2-采矿业-煤炭开采和洗选业,2,0,2,18
2018,2-制造业-皮革、毛皮、羽毛及其制品和制鞋业,8,0,8,59
2018,2-采矿业-石油和天然气开采业,3,0,3,11
2018,2-采矿业-非金属矿采选业,2,0,2,8
2018,2-采矿业-黑色金属矿采选业,0,0,0,2
2019,3-科学研究和技术服务业-科技推广和应用服务业,15500,474,15026,55504
2019,3-信息传输、软件和信息技术服务业-软件和信息技术服务业,21820,1913,19907,75594
2019,3-科学研究和技术服务业-研究和试验发展,4455,497,3958,17957
2019,3-文化、体育和娱乐业-广播、电视、电影和录音制作业,333,14,319,1137
2019,3-文化、体育和娱乐业-文化艺术业,1585,38,1547,6417
2019,3-租赁和商务服务业-商务服务业,7459,260,7199,34686
2019,3-批发和零售业-零售业,4202,117,4085,19104
2019,3-信息传输、软件和信息技术服务业-互联网和相关服务,3315,324,2991,9960
2019,2-制造业-计算机、通信和其他电子设备制造业,902,101,801,4831
2019,3-教育-教育,1192,58,1134,2773
2019,3-批发和零售业-批发业,6045,199,5846,34003
2019,3-居民服务、修理和其他服务业-居民服务业,333,6,327,1314
2019,3-科学研究和技术服务业-专业技术服务业,3501,128,3373,13734
2019,3-交通运输、仓储和邮政业-航空运输业,34,7,27,167
2019,3-居民服务、修理和其他服务业-其他服务业,340,5,335,1591
2019,3-文化、体育和娱乐业-娱乐业,306,8,298,1299
2019,2-制造业-通用设备制造业,317,8,309,2104
2019,3-交通运输、仓储和邮政业-多式联运和运输代理业,79,1,78,448
2019,2-制造业-金属制品、机械和设备修理业,47,0,47,305
2019,3-水利、环境和公共设施管理业-水利管理业,19,0,19,84
2019,2-制造业-专用设备制造业,347,19,328,2175
2019,3-交通运输、仓储和邮政业-道路运输业,164,1,163,810
2019,2-建筑业-房屋建筑业,559,5,554,2097
2019,3-文化、体育和娱乐业-体育,173,8,165,666
2019,2-电力、热力、燃气及水生产和供应业-电力、热力生产和供应业,135,7,128,693
2019,3-房地产业-房地产业,614,15,599,2801
2019,2-建筑业-土木工程建筑业,595,11,584,2578
2019,3-租赁和商务服务业-租赁业,192,6,186,848
2019,2-制造业-仪器仪表制造业,199,5,194,1276
2019,3-信息传输、软件和信息技术服务业-电信、广播电视和卫星传输服务,103,2,101,635
2019,2-建筑业-建筑装饰、装修和其他建筑业,1358,30,1328,6353
2019,2-制造业-电气机械和器材制造业,241,4,237,1900
2019,2-建筑业-建筑安装业,516,13,503,2853
2019,3-金融业-保险业,3,0,3,30
2019,3-住宿和餐饮业-餐饮业,101,2,99,405
2019,2-制造业-农副食品加工业,17,0,17,95
2019,2-制造业-汽车制造业,55,7,48,404
2019,2-制造业-文教、工美、体育和娱乐用品制造业,57,3,54,391
2019,3-文化、体育和娱乐业-新闻和出版业,32,0,32,172
2019,3-卫生和社会工作-卫生,85,4,81,201
2019,3-卫生和社会工作-社会工作,103,6,97,352
2019,2-制造业-化学原料和化学制品制造业,34,2,32,247
2019,2-电力、热力、燃气及水生产和供应业-燃气生产和供应业,11,0,11,49
2019,3-住宿和餐饮业-住宿业,52,2,50,158
2019,2-制造业-金属制品业,118,3,115,908
2019,1-农、林、牧、渔业-农业,119,4,115,583
2019,3-水利、环境和公共设施管理业-公共设施管理业,91,3,88,500
2019,2-电力、热力、燃气及水生产和供应业-水的生产和供应业,19,1,18,94
2019,2-制造业-酒、饮料和精制茶制造业,17,1,16,82
2019,3-水利、环境和公共设施管理业-生态保护和环境治理业,111,5,106,466
2019,2-制造业-非金属矿物制品业,55,2,53,289
2019,2-制造业-铁路、船舶、航空航天和其他运输设备制造业,45,2,43,250
2019,3-金融业-资本市场服务,48,2,46,295
2019,1-农、林、牧、渔业-畜牧业,9,0,9,62
2019,2-采矿业-开采专业及辅助性活动,4,0,4,25
2019,3-金融业-其他金融业,79,8,71,543
2019,2-制造业-家具制造业,93,4,89,529
2019,3-交通运输、仓储和邮政业-水上运输业,10,0,10,49
2019,3-居民服务、修理和其他服务业-机动车、电子产品和日用产品修理业,90,2,88,529
2019,1-农、林、牧、渔业-农、林、牧、渔专业及辅助性活动,56,4,52,257
2019,2-制造业-石油、煤炭及其他燃料加工业,5,0,5,34
2019,2-制造业-医药制造业,27,1,26,189
2019,1-农、林、牧、渔业-渔业,8,0,8,36
2019,2-制造业-纺织业,13,0,13,156
2019,2-制造业-其他制造业,184,7,177,913
2019,2-制造业-废弃资源综合利用业,11,1,10,19
2019,1-农、林、牧、渔业-林业,9,0,9,52
2019,2-制造业-橡胶和塑料制品业,34,1,33,312
2019,2-制造业-纺织服装、服饰业,36,1,35,296
2019,2-制造业-有色金属冶炼和压延加工业,11,0,11,48
2019,2-制造业-食品制造业,24,0,24,94
2019,3-金融业-货币金融服务,20,1,19,96
2019,3-交通运输、仓储和邮政业-装卸搬运和仓储业,61,2,59,252
2019,2-制造业-印刷和记录媒介复制业,20,1,19,158
2019,2-制造业-造纸和纸制品业,8,0,8,103
2019,3-水利、环境和公共设施管理业-土地管理业,3,0,3,40
2019,2-采矿业-其他采矿业,1,0,1,9
2019,2-制造业-黑色金属冶炼和压延加工业,1,0,1,16
2019,2-采矿业-有色金属矿采选业,1,0,1,14
2019,3-交通运输、仓储和邮政业-管道运输业,0,0,0,3
2019,3-交通运输、仓储和邮政业-邮政业,5,0,5,34
2019,2-制造业-化学纤维制造业,9,0,9,21
2019,2-制造业-木材加工和木、竹、藤、棕、草制品业,22,0,22,108
2019,3-交通运输、仓储和邮政业-铁路运输业,2,3,-1,3
2019,2-制造业-烟草制品业,0,0,0,2
2019,2-采矿业-煤炭开采和洗选业,0,0,0,18
2019,2-制造业-皮革、毛皮、羽毛及其制品和制鞋业,10,0,10,69
2019,2-采矿业-石油和天然气开采业,2,0,2,13
2019,2-采矿业-非金属矿采选业,1,0,1,9
2019,2-采矿业-黑色金属矿采选业,0,0,0,2
2020,3-科学研究和技术服务业-科技推广和应用服务业,30835,1160,29675,85179
2020,3-信息传输、软件和信息技术服务业-软件和信息技术服务业,53440,5260,48180,123774
2020,3-科学研究和技术服务业-研究和试验发展,9714,831,8883,26840
2020,3-文化、体育和娱乐业-广播、电视、电影和录音制作业,761,61,700,1837
2020,3-文化、体育和娱乐业-文化艺术业,3160,182,2978,9395
2020,3-租赁和商务服务业-商务服务业,16030,815,15215,49901
2020,3-批发和零售业-零售业,8651,559,8092,27196
2020,3-信息传输、软件和信息技术服务业-互联网和相关服务,10798,1225,9573,19533
2020,2-制造业-计算机、通信和其他电子设备制造业,3431,236,3195,8026
2020,3-教育-教育,2413,174,2239,5012
2020,3-批发和零售业-批发业,14309,884,13425,47428
2020,3-居民服务、修理和其他服务业-居民服务业,521,16,505,1819
2020,3-科学研究和技术服务业-专业技术服务业,6954,252,6702,20436
2020,3-交通运输、仓储和邮政业-航空运输业,118,12,106,273
2020,3-居民服务、修理和其他服务业-其他服务业,527,17,510,2101
2020,3-文化、体育和娱乐业-娱乐业,584,22,562,1861
2020,2-制造业-通用设备制造业,755,18,737,2841
2020,3-交通运输、仓储和邮政业-多式联运和运输代理业,254,19,235,683
2020,2-制造业-金属制品、机械和设备修理业,137,11,126,431
2020,3-水利、环境和公共设施管理业-水利管理业,57,4,53,137
2020,2-制造业-专用设备制造业,880,41,839,3014
2020,3-交通运输、仓储和邮政业-道路运输业,373,13,360,1170
2020,2-建筑业-房屋建筑业,1300,36,1264,3361
2020,3-文化、体育和娱乐业-体育,306,13,293,959
2020,2-电力、热力、燃气及水生产和供应业-电力、热力生产和供应业,402,31,371,1064
2020,3-房地产业-房地产业,1373,61,1312,4113
2020,2-建筑业-土木工程建筑业,1415,47,1368,3946
2020,3-租赁和商务服务业-租赁业,478,30,448,1296
2020,2-制造业-仪器仪表制造业,590,32,558,1834
2020,3-信息传输、软件和信息技术服务业-电信、广播电视和卫星传输服务,267,23,244,879
2020,2-建筑业-建筑装饰、装修和其他建筑业,4601,107,4494,10847
2020,2-制造业-电气机械和器材制造业,678,30,648,2548
2020,2-建筑业-建筑安装业,1302,48,1254,4107
2020,3-金融业-保险业,5,0,5,35
2020,3-住宿和餐饮业-餐饮业,187,9,178,583
2020,2-制造业-农副食品加工业,36,1,35,130
2020,2-制造业-汽车制造业,180,9,171,575
2020,2-制造业-文教、工美、体育和娱乐用品制造业,160,11,149,540
2020,3-文化、体育和娱乐业-新闻和出版业,72,2,70,242
2020,3-卫生和社会工作-卫生,140,6,134,335
2020,3-卫生和社会工作-社会工作,324,11,313,665
2020,2-制造业-化学原料和化学制品制造业,107,7,100,347
2020,2-电力、热力、燃气及水生产和供应业-燃气生产和供应业,19,1,18,67
2020,3-住宿和餐饮业-住宿业,85,3,82,240
2020,2-制造业-金属制品业,266,9,257,1165
2020,1-农、林、牧、渔业-农业,245,19,226,809
2020,3-水利、环境和公共设施管理业-公共设施管理业,247,10,237,737
2020,2-电力、热力、燃气及水生产和供应业-水的生产和供应业,44,1,43,137
2020,2-制造业-酒、饮料和精制茶制造业,51,2,49,131
2020,3-水利、环境和公共设施管理业-生态保护和环境治理业,297,23,274,740
2020,2-制造业-非金属矿物制品业,130,5,125,414
2020,2-制造业-铁路、船舶、航空航天和其他运输设备制造业,116,3,113,363
2020,3-金融业-资本市场服务,169,10,159,454
2020,1-农、林、牧、渔业-畜牧业,20,1,19,81
2020,2-采矿业-开采专业及辅助性活动,10,0,10,35
2020,3-金融业-其他金融业,194,9,185,728
2020,2-制造业-家具制造业,305,15,290,819
2020,3-交通运输、仓储和邮政业-水上运输业,18,0,18,67
2020,3-居民服务、修理和其他服务业-机动车、电子产品和日用产品修理业,182,11,171,700
2020,1-农、林、牧、渔业-农、林、牧、渔专业及辅助性活动,156,15,141,398
2020,2-制造业-石油、煤炭及其他燃料加工业,19,0,19,53
2020,2-制造业-医药制造业,139,10,129,318
2020,1-农、林、牧、渔业-渔业,13,1,12,48
2020,2-制造业-纺织业,84,5,79,235
2020,2-制造业-其他制造业,340,14,326,1239
2020,2-制造业-废弃资源综合利用业,30,2,28,47
2020,1-农、林、牧、渔业-林业,23,2,21,73
2020,2-制造业-橡胶和塑料制品业,86,3,83,395
2020,2-制造业-纺织服装、服饰业,110,9,101,397
2020,2-制造业-有色金属冶炼和压延加工业,20,0,20,68
2020,2-制造业-食品制造业,58,5,53,147
2020,3-金融业-货币金融服务,29,2,27,123
2020,3-交通运输、仓储和邮政业-装卸搬运和仓储业,146,16,130,382
2020,2-制造业-印刷和记录媒介复制业,46,4,42,200
2020,2-制造业-造纸和纸制品业,26,2,24,127
2020,3-水利、环境和公共设施管理业-土地管理业,10,1,9,49
2020,2-采矿业-其他采矿业,11,0,11,20
2020,2-制造业-黑色金属冶炼和压延加工业,8,0,8,24
2020,2-采矿业-有色金属矿采选业,5,0,5,19
2020,3-交通运输、仓储和邮政业-管道运输业,1,0,1,4
2020,3-交通运输、仓储和邮政业-邮政业,18,0,18,52
2020,2-制造业-化学纤维制造业,8,0,8,29
2020,2-制造业-木材加工和木、竹、藤、棕、草制品业,35,3,32,140
2020,3-交通运输、仓储和邮政业-铁路运输业,4,0,4,7
2020,2-制造业-烟草制品业,1,0,1,3
2020,2-采矿业-煤炭开采和洗选业,8,0,8,26
2020,2-制造业-皮革、毛皮、羽毛及其制品和制鞋业,32,3,29,98
2020,2-采矿业-石油和天然气开采业,3,0,3,16
2020,2-采矿业-非金属矿采选业,11,1,10,19
2020,2-采矿业-黑色金属矿采选业,4,0,4,6
2021,3-科学研究和技术服务业-科技推广和应用服务业,58544,2922,55622,140801
2021,3-信息传输、软件和信息技术服务业-软件和信息技术服务业,100661,16615,84046,207820
2021,3-科学研究和技术服务业-研究和试验发展,14770,2173,12597,39437
2021,3-文化、体育和娱乐业-广播、电视、电影和录音制作业,1263,205,1058,2895
2021,3-文化、体育和娱乐业-文化艺术业,5541,587,4954,14349
2021,3-租赁和商务服务业-商务服务业,27437,2583,24854,74755
2021,3-批发和零售业-零售业,13830,1145,12685,39881
2021,3-信息传输、软件和信息技术服务业-互联网和相关服务,18848,3689,15159,34692
2021,2-制造业-计算机、通信和其他电子设备制造业,5324,753,4571,12597
2021,3-教育-教育,4853,905,3948,8960
2021,3-批发和零售业-批发业,22627,2530,20097,67525
2021,3-居民服务、修理和其他服务业-居民服务业,1264,82,1182,3001
2021,3-科学研究和技术服务业-专业技术服务业,10563,579,9984,30420
2021,3-交通运输、仓储和邮政业-航空运输业,192,30,162,435
2021,3-居民服务、修理和其他服务业-其他服务业,759,49,710,2811
2021,3-文化、体育和娱乐业-娱乐业,1135,57,1078,2939
2021,2-制造业-通用设备制造业,1160,78,1082,3923
2021,3-交通运输、仓储和邮政业-多式联运和运输代理业,515,57,458,1141
2021,2-制造业-金属制品、机械和设备修理业,276,29,247,678
2021,3-水利、环境和公共设施管理业-水利管理业,80,16,64,201
2021,2-制造业-专用设备制造业,1298,115,1183,4197
2021,3-交通运输、仓储和邮政业-道路运输业,564,42,522,1692
2021,2-建筑业-房屋建筑业,2474,155,2319,5680
2021,3-文化、体育和娱乐业-体育,625,53,572,1531
2021,2-电力、热力、燃气及水生产和供应业-电力、热力生产和供应业,898,111,787,1851
2021,3-房地产业-房地产业,1917,203,1714,5827
2021,2-建筑业-土木工程建筑业,2123,183,1940,5886
2021,3-租赁和商务服务业-租赁业,753,109,644,1940
2021,2-制造业-仪器仪表制造业,1084,88,996,2830
2021,3-信息传输、软件和信息技术服务业-电信、广播电视和卫星传输服务,517,50,467,1346
2021,2-建筑业-建筑装饰、装修和其他建筑业,5868,325,5543,16390
2021,2-制造业-电气机械和器材制造业,1008,78,930,3478
2021,2-建筑业-建筑安装业,2200,190,2010,6117
2021,3-金融业-保险业,17,6,11,46
2021,3-住宿和餐饮业-餐饮业,259,29,230,813
2021,2-制造业-农副食品加工业,61,10,51,181
2021,2-制造业-汽车制造业,328,50,278,853
2021,2-制造业-文教、工美、体育和娱乐用品制造业,276,26,250,790
2021,3-文化、体育和娱乐业-新闻和出版业,102,12,90,332
2021,3-卫生和社会工作-卫生,316,37,279,614
2021,3-卫生和社会工作-社会工作,607,70,537,1202
2021,2-制造业-化学原料和化学制品制造业,190,17,173,520
2021,2-电力、热力、燃气及水生产和供应业-燃气生产和供应业,31,5,26,93
2021,3-住宿和餐饮业-住宿业,179,28,151,391
2021,2-制造业-金属制品业,447,28,419,1584
2021,1-农、林、牧、渔业-农业,498,55,443,1252
2021,3-水利、环境和公共设施管理业-公共设施管理业,415,36,379,1116
2021,2-电力、热力、燃气及水生产和供应业-水的生产和供应业,78,1,77,214
2021,2-制造业-酒、饮料和精制茶制造业,133,25,108,239
2021,3-水利、环境和公共设施管理业-生态保护和环境治理业,353,57,296,1036
2021,2-制造业-非金属矿物制品业,168,23,145,559
2021,2-制造业-铁路、船舶、航空航天和其他运输设备制造业,163,16,147,510
2021,3-金融业-资本市场服务,268,32,236,690
2021,1-农、林、牧、渔业-畜牧业,22,3,19,100
2021,2-采矿业-开采专业及辅助性活动,19,4,15,50
2021,3-金融业-其他金融业,326,37,289,1017
2021,2-制造业-家具制造业,514,71,443,1262
2021,3-交通运输、仓储和邮政业-水上运输业,38,7,31,98
2021,3-居民服务、修理和其他服务业-机动车、电子产品和日用产品修理业,397,29,368,1068
2021,1-农、林、牧、渔业-农、林、牧、渔专业及辅助性活动,329,53,276,674
2021,2-制造业-石油、煤炭及其他燃料加工业,41,2,39,92
2021,2-制造业-医药制造业,124,18,106,424
2021,1-农、林、牧、渔业-渔业,20,5,15,63
2021,2-制造业-纺织业,95,20,75,310
2021,2-制造业-其他制造业,487,26,461,1700
2021,2-制造业-废弃资源综合利用业,44,12,32,79
2021,1-农、林、牧、渔业-林业,29,4,25,98
2021,2-制造业-橡胶和塑料制品业,128,13,115,510
2021,2-制造业-纺织服装、服饰业,201,25,176,573
2021,2-制造业-有色金属冶炼和压延加工业,39,4,35,103
2021,2-制造业-食品制造业,106,31,75,222
2021,3-金融业-货币金融服务,31,2,29,152
2021,3-交通运输、仓储和邮政业-装卸搬运和仓储业,258,36,222,604
2021,2-制造业-印刷和记录媒介复制业,82,8,74,274
2021,2-制造业-造纸和纸制品业,54,3,51,178
2021,3-水利、环境和公共设施管理业-土地管理业,31,2,29,78
2021,2-采矿业-其他采矿业,12,3,9,29
2021,2-制造业-黑色金属冶炼和压延加工业,12,0,12,36
2021,2-采矿业-有色金属矿采选业,17,1,16,35
2021,3-交通运输、仓储和邮政业-管道运输业,1,0,1,5
2021,3-交通运输、仓储和邮政业-邮政业,21,3,18,70
2021,2-制造业-化学纤维制造业,14,1,13,42
2021,2-制造业-木材加工和木、竹、藤、棕、草制品业,51,4,47,187
2021,3-交通运输、仓储和邮政业-铁路运输业,4,0,4,11
2021,2-制造业-烟草制品业,1,0,1,4
2021,2-采矿业-煤炭开采和洗选业,36,10,26,52
2021,2-制造业-皮革、毛皮、羽毛及其制品和制鞋业,59,7,52,150
2021,2-采矿业-石油和天然气开采业,5,0,5,21
2021,2-采矿业-非金属矿采选业,13,2,11,30
2021,2-采矿业-黑色金属矿采选业,3,1,2,8
2022,3-科学研究和技术服务业-科技推广和应用服务业,76161,5700,70461,211262
2022,3-信息传输、软件和信息技术服务业-软件和信息技术服务业,105216,22931,82285,290105
2022,3-科学研究和技术服务业-研究和试验发展,14180,3532,10648,50085
2022,3-文化、体育和娱乐业-广播、电视、电影和录音制作业,1721,413,1308,4203
2022,3-文化、体育和娱乐业-文化艺术业,7074,1265,5809,20158
2022,3-租赁和商务服务业-商务服务业,32822,4476,28346,103101
2022,3-批发和零售业-零售业,15341,1632,13709,53590
2022,3-信息传输、软件和信息技术服务业-互联网和相关服务,24310,6417,17893,52585
2022,2-制造业-计算机、通信和其他电子设备制造业,5080,1548,3532,16129
2022,3-教育-教育,2265,1591,674,9634
2022,3-批发和零售业-批发业,24890,3518,21372,88897
2022,3-居民服务、修理和其他服务业-居民服务业,1441,136,1305,4306
2022,3-科学研究和技术服务业-专业技术服务业,11596,1131,10465,40885
2022,3-交通运输、仓储和邮政业-航空运输业,190,50,140,575
2022,3-居民服务、修理和其他服务业-其他服务业,702,84,618,3429
2022,3-文化、体育和娱乐业-娱乐业,1428,139,1289,4228
2022,2-制造业-通用设备制造业,1180,120,1060,4983
2022,3-交通运输、仓储和邮政业-多式联运和运输代理业,472,125,347,1488
2022,2-制造业-金属制品、机械和设备修理业,238,45,193,871
2022,3-水利、环境和公共设施管理业-水利管理业,97,23,74,275
2022,2-制造业-专用设备制造业,1300,160,1140,5337
2022,3-交通运输、仓储和邮政业-道路运输业,653,80,573,2265
2022,2-建筑业-房屋建筑业,6140,842,5298,10978
2022,3-文化、体育和娱乐业-体育,727,126,601,2132
2022,2-电力、热力、燃气及水生产和供应业-电力、热力生产和供应业,1370,262,1108,2959
2022,3-房地产业-房地产业,1754,349,1405,7232
2022,2-建筑业-土木工程建筑业,2349,330,2019,7905
2022,3-租赁和商务服务业-租赁业,784,142,642,2582
2022,2-制造业-仪器仪表制造业,1079,160,919,3749
2022,3-信息传输、软件和信息技术服务业-电信、广播电视和卫星传输服务,532,90,442,1788
2022,2-建筑业-建筑装饰、装修和其他建筑业,7723,970,6753,23143
2022,2-制造业-电气机械和器材制造业,1021,197,824,4302
2022,2-建筑业-建筑安装业,2129,339,1790,7907
2022,3-金融业-保险业,24,3,21,67
2022,3-住宿和餐饮业-餐饮业,243,40,203,1016
2022,2-制造业-农副食品加工业,64,12,52,233
2022,2-制造业-汽车制造业,334,98,236,1089
2022,2-制造业-文教、工美、体育和娱乐用品制造业,240,65,175,965
2022,3-文化、体育和娱乐业-新闻和出版业,128,29,99,431
2022,3-卫生和社会工作-卫生,318,67,251,865
2022,3-卫生和社会工作-社会工作,837,117,720,1922
2022,2-制造业-化学原料和化学制品制造业,200,53,147,667
2022,2-电力、热力、燃气及水生产和供应业-燃气生产和供应业,56,7,49,142
2022,3-住宿和餐饮业-住宿业,193,23,170,561
2022,2-制造业-金属制品业,408,45,363,1947
2022,1-农、林、牧、渔业-农业,530,79,451,1703
2022,3-水利、环境和公共设施管理业-公共设施管理业,419,66,353,1469
2022,2-电力、热力、燃气及水生产和供应业-水的生产和供应业,69,17,52,266
2022,2-制造业-酒、饮料和精制茶制造业,123,27,96,335
2022,3-水利、环境和公共设施管理业-生态保护和环境治理业,399,97,302,1338
2022,2-制造业-非金属矿物制品业,190,48,142,701
2022,2-制造业-铁路、船舶、航空航天和其他运输设备制造业,171,39,132,642
2022,3-金融业-资本市场服务,342,80,262,952
2022,1-农、林、牧、渔业-畜牧业,52,6,46,146
2022,2-采矿业-开采专业及辅助性活动,19,1,18,68
2022,3-金融业-其他金融业,388,81,307,1324
2022,2-制造业-家具制造业,571,129,442,1704
2022,3-交通运输、仓储和邮政业-水上运输业,39,9,30,128
2022,3-居民服务、修理和其他服务业-机动车、电子产品和日用产品修理业,449,53,396,1464
2022,1-农、林、牧、渔业-农、林、牧、渔专业及辅助性活动,428,79,349,1023
2022,2-制造业-石油、煤炭及其他燃料加工业,60,9,51,143
2022,2-制造业-医药制造业,165,45,120,544
2022,1-农、林、牧、渔业-渔业,32,9,23,86
2022,2-制造业-纺织业,110,20,90,400
2022,2-制造业-其他制造业,558,43,515,2215
2022,2-制造业-废弃资源综合利用业,72,14,58,137
2022,1-农、林、牧、渔业-林业,40,8,32,130
2022,2-制造业-橡胶和塑料制品业,125,22,103,613
2022,2-制造业-纺织服装、服饰业,154,51,103,676
2022,2-制造业-有色金属冶炼和压延加工业,39,3,36,139
2022,2-制造业-食品制造业,83,14,69,291
2022,3-金融业-货币金融服务,45,7,38,190
2022,3-交通运输、仓储和邮政业-装卸搬运和仓储业,296,73,223,827
2022,2-制造业-印刷和记录媒介复制业,67,14,53,327
2022,2-制造业-造纸和纸制品业,28,11,17,195
2022,3-水利、环境和公共设施管理业-土地管理业,46,3,43,121
2022,2-采矿业-其他采矿业,9,4,5,34
2022,2-制造业-黑色金属冶炼和压延加工业,13,2,11,47
2022,2-采矿业-有色金属矿采选业,19,4,15,50
2022,3-交通运输、仓储和邮政业-管道运输业,0,1,-1,4
2022,3-交通运输、仓储和邮政业-邮政业,24,9,15,85
2022,2-制造业-化学纤维制造业,17,1,16,58
2022,2-制造业-木材加工和木、竹、藤、棕、草制品业,60,7,53,240
2022,3-交通运输、仓储和邮政业-铁路运输业,4,0,4,15
2022,2-制造业-烟草制品业,1,2,-1,3
2022,2-采矿业-煤炭开采和洗选业,34,14,20,72
2022,2-制造业-皮革、毛皮、羽毛及其制品和制鞋业,32,8,24,174
2022,2-采矿业-石油和天然气开采业,5,0,5,26
2022,2-采矿业-非金属矿采选业,21,3,18,48
2022,2-采矿业-黑色金属矿采选业,2,1,1,9
2023,3-科学研究和技术服务业-科技推广和应用服务业,96144,9094,87050,298312
2023,3-信息传输、软件和信息技术服务业-软件和信息技术服务业,125096,30104,94992,385097
2023,3-科学研究和技术服务业-研究和试验发展,15120,4734,10386,60471
2023,3-文化、体育和娱乐业-广播、电视、电影和录音制作业,2104,657,1447,5650
2023,3-文化、体育和娱乐业-文化艺术业,9431,2121,7310,27468
2023,3-租赁和商务服务业-商务服务业,45937,6600,39337,142438
2023,3-批发和零售业-零售业,19490,2538,16952,70542
2023,3-信息传输、软件和信息技术服务业-互联网和相关服务,27218,9783,17435,70020
2023,2-制造业-计算机、通信和其他电子设备制造业,4882,2077,2805,18934
2023,3-教育-教育,2790,1816,974,10608
2023,3-批发和零售业-批发业,28191,4685,23506,112403
2023,3-居民服务、修理和其他服务业-居民服务业,2000,252,1748,6054
2023,3-科学研究和技术服务业-专业技术服务业,14108,1782,12326,53211
2023,3-交通运输、仓储和邮政业-航空运输业,276,63,213,788
2023,3-居民服务、修理和其他服务业-其他服务业,793,156,637,4066
2023,3-文化、体育和娱乐业-娱乐业,2661,262,2399,6627
2023,2-制造业-通用设备制造业,1358,182,1176,6159
2023,3-交通运输、仓储和邮政业-多式联运和运输代理业,493,175,318,1806
2023,2-制造业-金属制品、机械和设备修理业,251,80,171,1042
2023,3-水利、环境和公共设施管理业-水利管理业,105,39,66,341
2023,2-制造业-专用设备制造业,1503,261,1242,6579
2023,3-交通运输、仓储和邮政业-道路运输业,782,108,674,2939
2023,2-建筑业-房屋建筑业,3500,592,2908,13886
2023,3-文化、体育和娱乐业-体育,936,201,735,2867
2023,2-电力、热力、燃气及水生产和供应业-电力、热力生产和供应业,2211,501,1710,4669
2023,3-房地产业-房地产业,2004,472,1532,8764
2023,2-建筑业-土木工程建筑业,2167,405,1762,9667
2023,3-租赁和商务服务业-租赁业,1094,230,864,3446
2023,2-制造业-仪器仪表制造业,1158,215,943,4692
2023,3-信息传输、软件和信息技术服务业-电信、广播电视和卫星传输服务,717,221,496,2284
2023,2-建筑业-建筑装饰、装修和其他建筑业,5655,954,4701,27844
2023,2-制造业-电气机械和器材制造业,1345,279,1066,5368
2023,2-建筑业-建筑安装业,2114,450,1664,9571
2023,3-金融业-保险业,23,9,14,81
2023,3-住宿和餐饮业-餐饮业,363,68,295,1311
2023,2-制造业-农副食品加工业,80,18,62,295
2023,2-制造业-汽车制造业,346,121,225,1314
2023,2-制造业-文教、工美、体育和娱乐用品制造业,280,84,196,1161
2023,3-文化、体育和娱乐业-新闻和出版业,155,47,108,539
2023,3-卫生和社会工作-卫生,434,106,328,1193
2023,3-卫生和社会工作-社会工作,1198,237,961,2883
2023,2-制造业-化学原料和化学制品制造业,199,83,116,783
2023,2-电力、热力、燃气及水生产和供应业-燃气生产和供应业,41,18,23,165
2023,3-住宿和餐饮业-住宿业,204,46,158,719
2023,2-制造业-金属制品业,446,66,380,2327
2023,1-农、林、牧、渔业-农业,678,85,593,2296
2023,3-水利、环境和公共设施管理业-公共设施管理业,589,105,484,1953
2023,2-电力、热力、燃气及水生产和供应业-水的生产和供应业,86,15,71,337
2023,2-制造业-酒、饮料和精制茶制造业,190,44,146,481
2023,3-水利、环境和公共设施管理业-生态保护和环境治理业,392,120,272,1610
2023,2-制造业-非金属矿物制品业,194,60,134,835
2023,2-制造业-铁路、船舶、航空航天和其他运输设备制造业,226,51,175,817
2023,3-金融业-资本市场服务,622,136,486,1438
2023,1-农、林、牧、渔业-畜牧业,46,6,40,186
2023,2-采矿业-开采专业及辅助性活动,25,8,17,85
2023,3-金融业-其他金融业,454,165,289,1613
2023,2-制造业-家具制造业,530,211,319,2023
2023,3-交通运输、仓储和邮政业-水上运输业,53,11,42,170
2023,3-居民服务、修理和其他服务业-机动车、电子产品和日用产品修理业,533,65,468,1932
2023,1-农、林、牧、渔业-农、林、牧、渔专业及辅助性活动,451,128,323,1346
2023,2-制造业-石油、煤炭及其他燃料加工业,63,27,36,179
2023,2-制造业-医药制造业,181,69,112,656
2023,1-农、林、牧、渔业-渔业,45,8,37,123
2023,2-制造业-纺织业,115,42,73,473
2023,2-制造业-其他制造业,469,70,399,2614
2023,2-制造业-废弃资源综合利用业,69,32,37,174
2023,1-农、林、牧、渔业-林业,45,6,39,169
2023,2-制造业-橡胶和塑料制品业,101,32,69,682
2023,2-制造业-纺织服装、服饰业,176,69,107,783
2023,2-制造业-有色金属冶炼和压延加工业,41,9,32,171
2023,2-制造业-食品制造业,111,47,64,355
2023,3-金融业-货币金融服务,32,22,10,200
2023,3-交通运输、仓储和邮政业-装卸搬运和仓储业,339,131,208,1035
2023,2-制造业-印刷和记录媒介复制业,86,23,63,390
2023,2-制造业-造纸和纸制品业,39,11,28,223
2023,3-水利、环境和公共设施管理业-土地管理业,22,15,7,128
2023,2-采矿业-其他采矿业,32,2,30,64
2023,2-制造业-黑色金属冶炼和压延加工业,12,1,11,58
2023,2-采矿业-有色金属矿采选业,22,10,12,62
2023,3-交通运输、仓储和邮政业-管道运输业,3,0,3,7
2023,3-交通运输、仓储和邮政业-邮政业,25,15,10,95
2023,2-制造业-化学纤维制造业,20,7,13,71
2023,2-制造业-木材加工和木、竹、藤、棕、草制品业,52,13,39,279
2023,3-交通运输、仓储和邮政业-铁路运输业,6,3,3,18
2023,2-制造业-烟草制品业,1,1,0,3
2023,2-采矿业-煤炭开采和洗选业,28,10,18,90
2023,2-制造业-皮革、毛皮、羽毛及其制品和制鞋业,37,16,21,195
2023,2-采矿业-石油和天然气开采业,6,2,4,30
2023,2-采矿业-非金属矿采选业,19,11,8,56
2023,2-采矿业-黑色金属矿采选业,7,2,5,14
2024,3-科学研究和技术服务业-科技推广和应用服务业,87598,25109,62489,360801
2024,3-信息传输、软件和信息技术服务业-软件和信息技术服务业,122083,38141,83942,469039
2024,3-科学研究和技术服务业-研究和试验发展,17030,4651,12379,72850
2024,3-文化、体育和娱乐业-广播、电视、电影和录音制作业,2222,630,1592,7242
2024,3-文化、体育和娱乐业-文化艺术业,9369,2690,6679,34147
2024,3-租赁和商务服务业-商务服务业,42195,13297,28898,171336
2024,3-批发和零售业-零售业,15822,5226,10596,81138
2024,3-信息传输、软件和信息技术服务业-互联网和相关服务,25822,8011,17811,87831
2024,2-制造业-计算机、通信和其他电子设备制造业,7110,1683,5427,24361
2024,3-教育-教育,5546,1231,4315,14923
2024,3-批发和零售业-批发业,22775,8032,14743,127146
2024,3-居民服务、修理和其他服务业-居民服务业,2094,633,1461,7515
2024,3-科学研究和技术服务业-专业技术服务业,10839,3768,7071,60282
2024,3-交通运输、仓储和邮政业-航空运输业,1008,86,922,1710
2024,3-居民服务、修理和其他服务业-其他服务业,3373,294,3079,7145
2024,3-文化、体育和娱乐业-娱乐业,2604,746,1858,8485
2024,2-制造业-通用设备制造业,1192,316,876,7035
2024,3-交通运输、仓储和邮政业-多式联运和运输代理业,659,155,504,2310
2024,2-制造业-金属制品、机械和设备修理业,331,69,262,1304
2024,3-水利、环境和公共设施管理业-水利管理业,128,28,100,441
2024,2-制造业-专用设备制造业,1426,325,1101,7680
2024,3-交通运输、仓储和邮政业-道路运输业,669,218,451,3390
2024,2-建筑业-房屋建筑业,1623,421,1202,15088
2024,3-文化、体育和娱乐业-体育,974,245,729,3596
2024,2-电力、热力、燃气及水生产和供应业-电力、热力生产和供应业,3167,564,2603,7272
2024,3-房地产业-房地产业,1641,667,974,9738
2024,2-建筑业-土木工程建筑业,1455,512,943,10610
2024,3-租赁和商务服务业-租赁业,1026,317,709,4155
2024,2-制造业-仪器仪表制造业,1151,307,844,5536
2024,3-信息传输、软件和信息技术服务业-电信、广播电视和卫星传输服务,611,226,385,2669
2024,2-建筑业-建筑装饰、装修和其他建筑业,3445,1044,2401,30245
2024,2-制造业-电气机械和器材制造业,1411,340,1071,6439
2024,2-建筑业-建筑安装业,1748,509,1239,10810
2024,3-金融业-保险业,18,9,9,90
2024,3-住宿和餐饮业-餐饮业,329,114,215,1526
2024,2-制造业-农副食品加工业,86,19,67,362
2024,2-制造业-汽车制造业,472,102,370,1684
2024,2-制造业-文教、工美、体育和娱乐用品制造业,343,90,253,1414
2024,3-文化、体育和娱乐业-新闻和出版业,226,57,169,708
2024,3-卫生和社会工作-卫生,584,95,489,1682
2024,3-卫生和社会工作-社会工作,1720,293,1427,4310
2024,2-制造业-化学原料和化学制品制造业,303,79,224,1007
2024,2-电力、热力、燃气及水生产和供应业-燃气生产和供应业,62,18,44,209
2024,3-住宿和餐饮业-住宿业,223,41,182,901
2024,2-制造业-金属制品业,382,89,293,2620
2024,1-农、林、牧、渔业-农业,431,147,284,2580
2024,3-水利、环境和公共设施管理业-公共设施管理业,583,120,463,2416
2024,2-电力、热力、燃气及水生产和供应业-水的生产和供应业,77,19,58,395
2024,2-制造业-酒、饮料和精制茶制造业,186,41,145,626
2024,3-水利、环境和公共设施管理业-生态保护和环境治理业,374,124,250,1860
2024,2-制造业-非金属矿物制品业,224,72,152,987
2024,2-制造业-铁路、船舶、航空航天和其他运输设备制造业,310,50,260,1077
2024,3-金融业-资本市场服务,1022,169,853,2291
2024,1-农、林、牧、渔业-畜牧业,45,15,30,216
2024,2-采矿业-开采专业及辅助性活动,44,9,35,120
2024,3-金融业-其他金融业,498,153,345,1958
2024,2-制造业-家具制造业,675,133,542,2565
2024,3-交通运输、仓储和邮政业-水上运输业,50,8,42,212
2024,3-居民服务、修理和其他服务业-机动车、电子产品和日用产品修理业,492,141,351,2283
2024,1-农、林、牧、渔业-农、林、牧、渔专业及辅助性活动,510,114,396,1742
2024,2-制造业-石油、煤炭及其他燃料加工业,49,19,30,209
2024,2-制造业-医药制造业,230,58,172,828
2024,1-农、林、牧、渔业-渔业,42,13,29,152
2024,2-制造业-纺织业,114,33,81,554
2024,2-制造业-其他制造业,267,103,164,2778
2024,2-制造业-废弃资源综合利用业,133,21,112,286
2024,1-农、林、牧、渔业-林业,62,11,51,220
2024,2-制造业-橡胶和塑料制品业,129,29,100,782
2024,2-制造业-纺织服装、服饰业,196,47,149,932
2024,2-制造业-有色金属冶炼和压延加工业,46,10,36,207
2024,2-制造业-食品制造业,131,25,106,461
2024,3-金融业-货币金融服务,68,11,57,257
2024,3-交通运输、仓储和邮政业-装卸搬运和仓储业,437,110,327,1362
2024,2-制造业-印刷和记录媒介复制业,118,25,93,483
2024,2-制造业-造纸和纸制品业,64,10,54,277
2024,3-水利、环境和公共设施管理业-土地管理业,46,14,32,160
2024,2-采矿业-其他采矿业,22,7,15,79
2024,2-制造业-黑色金属冶炼和压延加工业,9,4,5,63
2024,2-采矿业-有色金属矿采选业,38,13,25,87
2024,3-交通运输、仓储和邮政业-管道运输业,2,1,1,8
2024,3-交通运输、仓储和邮政业-邮政业,18,6,12,107
2024,2-制造业-化学纤维制造业,27,5,22,93
2024,2-制造业-木材加工和木、竹、藤、棕、草制品业,50,18,32,311
2024,3-交通运输、仓储和邮政业-铁路运输业,15,3,12,30
2024,2-制造业-烟草制品业,3,0,3,6
2024,2-采矿业-煤炭开采和洗选业,47,9,38,128
2024,2-制造业-皮革、毛皮、羽毛及其制品和制鞋业,62,10,52,247
2024,2-采矿业-石油和天然气开采业,19,3,16,46
2024,2-采矿业-非金属矿采选业,14,7,7,63
2024,2-采矿业-黑色金属矿采选业,6,1,5,19
